model,price,rating,sim,processor,ram,battery,display,camera,card,os
Samsung Galaxy S23 Ultra 5G,"₹1,14,990",,"Dual Sim, 3G, 4G, 5G, VoLTE, Vo5G, Wi-Fi, NFC","Snapdragon 8 Gen2, Octa Core, 3.2 GHz Processor","8 GB RAM, 256 GB inbuilt",5000 mAh Battery with 45W Fast Charging,"6.8 inches, 1440 x 3088 px, 120 Hz Display with Punch Hole",200 MP Quad Rear & 12 MP Front Camera,Memory Card Not Supported,Android v13
OnePlus 11 Pro,"₹69,999",,"Dual Sim, 3G, 4G, 5G, VoLTE, Wi-Fi, NFC","Snapdragon  8 Gen2, Octa Core, 3.2 GHz Processor","8 GB RAM, 128 GB inbuilt",4500 mAh Battery with 100W Fast Charging,"6.7 inches, 1440 x 3216 px, 120 Hz Display with Punch Hole",50 MP + 48 MP + 32 MP Triple Rear & 16 MP Front Camera,Android v13,No FM Radio
Samsung Galaxy S22 Ultra 5G,"₹91,999",,"Dual Sim, 3G, 4G, 5G, VoLTE, Wi-Fi, NFC","Snapdragon  8 Gen1, Octa Core, 3 GHz Processor","12 GB RAM, 256 GB inbuilt",5000 mAh Battery with 45W Fast Charging,"6.8 inches, 1440 x 3080 px, 120 Hz Display with Punch Hole",108 MP Quad Rear & 40 MP Front Camera,Android v12,Bluetooth
Samsung Galaxy A74 5G,"₹42,999",,"Dual Sim, 3G, 4G, 5G, VoLTE, Wi-Fi, NFC","Snapdragon 7 Gen1, Octa Core, 2.36 GHz Processor","8 GB RAM, 128 GB inbuilt",5000 mAh Battery with 33W Fast Charging,"6.7 inches, 1080 x 2412 px, 120 Hz Display with Punch Hole",108 MP Quad Rear & 32 MP Front Camera,"Memory Card (Hybrid), upto 1 TB",Android v12
Oppo Find N Fold,"₹99,990",,"Dual Sim, 3G, 4G, 5G, VoLTE, Wi-Fi, NFC","Snapdragon  8+ Gen1, Octa Core, 3.2 GHz Processor","8 GB RAM, 256 GB inbuilt",5000 mAh Battery with 67W Fast Charging,"7.1 inches, 1792 x 1920 px, 120 Hz Display with Punch Hole","Foldable Display, Dual Display",64 MP + 10 MP + 8 MP Triple Rear & 32 MP Front Camera,Android v12
Gionee G13 Pro,"₹6,190",,"Dual Sim, 3G, 4G, VoLTE, Wi-Fi","Tiger  T310, Quad Core, 2 GHz Processor","4 GB RAM, 32 GB inbuilt",3500 mAh Battery,"6.26 inches, 720 x 1600 px Display with Large Notch",13 MP Dual Rear & 5 MP Front Camera,Memory Card Supported,HarmonyOS v2
Samsung Galaxy A73 5G,"₹41,999",,"Dual Sim, 3G, 4G, 5G, VoLTE, Wi-Fi, NFC","Snapdragon 778G, Octa Core, 2.4 GHz Processor","8 GB RAM, 128 GB inbuilt",5000 mAh Battery with 25W Fast Charging,"6.7 inches, 1080 x 2400 px, 120 Hz Display with Punch Hole",108 MP Quad Rear & 32 MP Front Camera,"Memory Card (Hybrid), upto 1 TB",Android v12
Vivo X90 Pro Plus 5G,"₹73,999",,"Dual Sim, 3G, 4G, 5G, VoLTE, Wi-Fi, NFC, IR Blaster","Snapdragon 8 Gen2, Octa Core, 3.2 GHz Processor","12 GB RAM, 256 GB inbuilt",4700 mAh Battery with 80W Fast Charging,"6.78 inches, 1440 x 3200 px, 120 Hz Display with Punch Hole",50.3 MP Quad Rear & 32 MP Front Camera,Android v13,No FM Radio
Vivo X Fold 5G,"₹1,06,990",,"Dual Sim, 3G, 4G, 5G, VoLTE, Wi-Fi, NFC","Snapdragon 8 Gen1, Octa Core, 3 GHz Processor","12 GB RAM, 256 GB inbuilt",4600 mAh Battery with 66W Fast Charging,"8.03 inches, 1916 x 2160 px, 120 Hz Display",Foldable Display,50 MP Quad Rear & 16 MP Front Camera,Android v12
Xiaomi 13 Pro 5G,"₹58,990",,"Dual Sim, 3G, 4G, 5G, VoLTE, Wi-Fi, NFC, IR Blaster","Snapdragon 8 Gen2, Octa Core, 3.2 GHz Processor","8 GB RAM, 128 GB inbuilt",4820 mAh Battery with 120W Fast Charging,"6.73 inches, 1440 x 3200 px, 120 Hz Display with Punch Hole",50.3 MP + 50 MP + 50 MP Triple Rear & 32 MP Front Camera,Memory Card Not Supported,Android v13
Xiaomi Redmi A1,"₹6,171",,"Dual Sim, 3G, 4G, VoLTE, Wi-Fi","Helio A22, Quad Core, 2 GHz Processor","2 GB RAM, 32 GB inbuilt",5000 mAh Battery with 10W Fast Charging,"6.52 inches, 720 x 1600 px Display with Water Drop Notch",8 MP Dual Rear & 5 MP Front Camera,"Memory Card Supported, upto 512 GB",Android v12
Jio Phone 3,"₹4,499",,"Dual Sim, 3G, 4G, VoLTE, Wi-Fi","Quad Core, 1.4 GHz Processor","2 GB RAM, 64 GB inbuilt",2800 mAh Battery,"5 inches, 720 x 1280 px Display",5 MP Rear & 2 MP Front Camera,"Memory Card Supported, upto 128 GB",Android v8.1 (Oreo)
Nokia 2780 Flip,"₹4,990",,"Dual Sim, 3G, 4G, Wi-Fi","Snapdragon QM215, Quad Core, 1.3 GHz Processor","4 GB RAM, 512 MB inbuilt",1450 mAh Battery,"2.7 inches, 240 x 320 px Display",Dual Display,5 MP Rear Camera,"Memory Card Supported, upto 32 GB"
Realme C30,"₹5,299",,"Dual Sim, 3G, 4G, VoLTE, Wi-Fi","Tiger T612, Octa Core, 1.82 GHz Processor","2 GB RAM, 32 GB inbuilt",5000 mAh Battery,"6.5 inches, 720 x 1600 px Display with Water Drop Notch",8 MP Rear & 5 MP Front Camera,"Memory Card Supported, upto 1 TB",Android v11
Oppo Find N2 5G,"₹94,990",,"Dual Sim, 3G, 4G, 5G, VoLTE, Wi-Fi, NFC","Snapdragon 8+ Gen1, Octa Core, 3.2 GHz Processor","12 GB RAM, 256 GB inbuilt",4520 mAh Battery with 67W Fast Charging,"7.1 inches, 1792 x 1920 px, 120 Hz Display with Punch Hole","Foldable Display, Dual Display",50 MP + 48 MP + 32 MP Triple Rear & 32 MP + 32 MP Dual Front Camera,Memory Card Not Supported
Letv Y1 Pro,"₹5,499",,"Dual Sim, 3G, 4G, VoLTE, Wi-Fi","Tiger T310, Quad Core, 2 GHz Processor","4 GB RAM, 32 GB inbuilt",4000 mAh Battery,"6.54 inches, 720 x 1560 px Display with Small Notch",8 MP + Depth Sensor Dual Rear & 5 MP Front Camera,Android v11,No FM Radio
Duoqin F22 Pro,"₹9,990",,"Dual Sim, 3G, 4G, VoLTE, Wi-Fi","Helio  G85, Octa Core, 2 GHz Processor","4 GB RAM, 64 GB inbuilt",2150 mAh Battery,"3.54 inches, 640 x 960 px Display",8 MP Rear & 2 MP Front Camera,Memory Card Supported,Android v12
Nokia N73 5G,"₹46,999",,"Dual Sim, 3G, 4G, 5G, VoLTE, Wi-Fi","Snapdragon  8 Gen1, Octa Core, 3 GHz Processor","12 GB RAM, 256 GB inbuilt",6000 mAh Battery with 65W Fast Charging,"6.9 inches, 1400 x 3200 px, 120 Hz Display with Punch Hole",200 MP Penta Rear & 32 MP Front Camera,Memory Card Supported,Android v12.1
Motorola Edge 30 Ultra,"₹54,999",,"Dual Sim, 3G, 4G, 5G, VoLTE, Wi-Fi, NFC","Snapdragon 8+ Gen1, Octa Core, 3.2 GHz Processor","8 GB RAM, 128 GB inbuilt",4610 mAh Battery with 125W Fast Charging,"6.67 inches, 1080 x 2400 px, 144 Hz Display with Punch Hole",200 MP + 50 MP + 12 MP Triple Rear & 60 MP Front Camera,Android v12,No FM Radio
Xiaomi 13 Ultra 5G,"₹71,999",,"Dual Sim, 3G, 4G, 5G, VoLTE, Wi-Fi, NFC, IR Blaster","Snapdragon 8 Gen2, Octa Core, 3.2 GHz Processor","12 GB RAM, 256 GB inbuilt",5000 mAh Battery with 120W Fast Charging,"6.6 inches, 1440 x 3200 px, 120 Hz Display with Punch Hole",108 MP Quad Rear & 32 MP Front Camera,Android v12,No FM Radio
Google Pixel 7 Pro 5G,"₹81,999",,"Dual Sim, 3G, 4G, 5G, VoLTE, Wi-Fi, NFC","Google  Tensor G2, Octa Core, 2.85 GHz Processor","12 GB RAM, 128 GB inbuilt",5000 mAh Battery with 30W Fast Charging,"6.7 inches, 1440 x 3120 px, 120 Hz Display with Punch Hole",50 MP + 48 MP + 12 MP Triple Rear & 10.8 MP Front Camera,Android v13,No FM Radio
Vivo Y02,"₹8,999",,"Dual Sim, 3G, 4G, VoLTE, Wi-Fi","Helio, Octa Core Processor","3 GB RAM, 32 GB inbuilt",5000 mAh Battery with 10W Fast Charging,"6.51 inches, 720 x 1600 px Display with Water Drop Notch",8 MP Rear & 5 MP Front Camera,"Memory Card Supported, upto 1 TB",Android v12
OnePlus 10 Pro 5G (12GB RAM + 256GB),"₹65,499",,"Dual Sim, 3G, 4G, 5G, VoLTE, Wi-Fi, NFC","Snapdragon  8 Gen1, Octa Core, 3 GHz Processor","12 GB RAM, 256 GB inbuilt",5000 mAh Battery with 80W Fast Charging,"6.7 inches, 1440 x 3216 px, 120 Hz Display with Punch Hole",50 MP + 48 MP + 8 MP Triple Rear & 32 MP Front Camera,Android v12,No FM Radio
Xiaomi Mix Fold 2 5G,"₹1,06,990",,"Dual Sim, 3G, 4G, 5G, VoLTE, Wi-Fi, NFC, IR Blaster","Snapdragon  8+ Gen1 , Octa Core, 3.2 GHz Processor","12 GB RAM, 256 GB inbuilt",4500 mAh Battery with 67W Fast Charging,"8.02 inches, 1914 x 2160 px, 120 Hz Display with Punch Hole","Foldable Display, Dual Display",50 MP + 13 MP + 8 MP Triple Rear & 20 MP Front Camera,Android v12
Nokia 2720 V Flip,"₹6,199",,"Dual Sim, 3G, 4G, VoLTE, Wi-Fi","Snapdragon 205 , Dual Core, 1.1 GHz Processor","512 MB RAM, 4 GB inbuilt",1500 mAh Battery,"2.8 inches, 240 x 320 px Display",Dual Display,2 MP Rear Camera,Memory Card Supported
Motorola Edge 30 Ultra (12GB RAM + 256GB),"₹59,999",,"Dual Sim, 3G, 4G, 5G, VoLTE, Wi-Fi, NFC","Snapdragon 8+ Gen1, Octa Core, 3.2 GHz Processor","12 GB RAM, 256 GB inbuilt",4610 mAh Battery with 125W Fast Charging,"6.67 inches, 1080 x 2400 px, 144 Hz Display with Punch Hole",200 MP + 50 MP + 12 MP Triple Rear & 60 MP Front Camera,Android v12,No FM Radio
Samsung Galaxy S22 Ultra 5G (12GB RAM + 512GB),"₹1,18,999",,"Dual Sim, 3G, 4G, 5G, VoLTE, Wi-Fi, NFC","Snapdragon  8 Gen1, Octa Core, 3 GHz Processor","12 GB RAM, 512 GB inbuilt",5000 mAh Battery with 45W Fast Charging,"6.8 inches, 1440 x 3080 px, 120 Hz Display with Punch Hole",108 MP Quad Rear & 40 MP Front Camera,Android v12,Bluetooth
itel S16 Pro,"₹6,990",,"Dual Sim, 3G, 4G, VoLTE, Wi-Fi","Quad Core, 1.3 GHz Processor","2 GB RAM, 32 GB inbuilt",4000 mAh Battery,"6.6 inches, 1600 x 720 px Display with Punch Hole",8 MP + 2 MP + 0.3 MP Triple Rear & 8 MP Front Camera,"Memory Card Supported, upto 32 GB",Android v10
Samsung Galaxy Z Fold 4,"₹1,54,998",,"Dual Sim, 3G, 4G, 5G, VoLTE, Wi-Fi, NFC","Snapdragon  8+ Gen1, Octa Core, 3.2 GHz Processor","12 GB RAM, 256 GB inbuilt",4400 mAh Battery with 25W Fast Charging,"7.6 inches, 1812 x 2176 px, 120 Hz Display with Punch Hole","Foldable Display, Dual Display",50 MP + 12 MP + 10 MP Triple Rear & 10 MP + 4 MP Dual Front Camera,Android v12
Samsung Galaxy S21 Ultra,"₹1,05,999",,"Dual Sim, 3G, 4G, 5G, VoLTE, Wi-Fi, NFC","Exynos  2100, Octa Core, 2.9 GHz Processor","12 GB RAM, 256 GB inbuilt",5000 mAh Battery with 25W Fast Charging,"6.8 inches, 1440 x 3200 px, 120 Hz Display with Punch Hole",108 MP Quad Rear & 40 MP Front Camera,Android v10,No FM Radio
Samsung Galaxy A73 5G (8GB RAM + 256GB),"₹41,990",,"Dual Sim, 3G, 4G, 5G, VoLTE, Wi-Fi, NFC","Snapdragon 778G, Octa Core, 2.4 GHz Processor","8 GB RAM, 256 GB inbuilt",5000 mAh Battery with 25W Fast Charging,"6.7 inches, 1080 x 2400 px, 120 Hz Display with Punch Hole",108 MP Quad Rear & 32 MP Front Camera,"Memory Card (Hybrid), upto 1 TB",Android v12
Samsung Galaxy A03 Core,"₹6,499",,"Dual Sim, 3G, 4G, VoLTE, Wi-Fi","Unisoc  SC9836A, Quad Core, 1.6 GHz Processor","2 GB RAM, 32 GB inbuilt",5000 mAh Battery,"6.5 inches, 720 x 1600 px Display with Water Drop Notch",8 MP Rear & 5 MP Front Camera,"Memory Card Supported, upto 1 TB",Android v10
Oppo Find X6 Pro,"₹77,990",,"Dual Sim, 3G, 4G, 5G, VoLTE, Wi-Fi, NFC","Snapdragon 8 Gen2, Octa Core, 3.2 GHz Processor","12 GB RAM, 256 GB inbuilt",4700 mAh Battery with 120W Fast Charging,"6.78 inches, 1080 x 2400 px, 120 Hz Display with Punch Hole",50 MP + 50 MP + 50 MP Triple Rear & 32 MP Front Camera,Android v13,No FM Radio
Vivo X90 Pro 5G,"₹56,999",,"Dual Sim, 3G, 4G, 5G, VoLTE, Wi-Fi, NFC, IR Blaster","Dimensity 9200, Octa Core, 3.05 GHz Processor","8 GB RAM, 256 GB inbuilt",4870 mAh Battery with 120W Fast Charging,"6.78 inches, 1260 x 2800 px, 120 Hz Display with Punch Hole",50.3 MP + 50 MP + 12 MP Triple Rear & 32 MP Front Camera,Memory Card Not Supported,Android v13
Jio JioPhone Next,"₹4,649",,"Dual Sim, 3G, 4G, VoLTE, Wi-Fi","Qualcomm 215, Quad Core, 1.3 GHz Processor","2 GB RAM, 32 GB inbuilt",3500 mAh Battery,"5.45 inches, 720 x 1440 px Display",13 MP Rear & 8 MP Front Camera,"Memory Card Supported, upto 512 GB",Android v11
Realme C30s,"₹7,145",,"Dual Sim, 3G, 4G, VoLTE, Wi-Fi","Unisoc SC9863A, Octa Core, 1.6 GHz Processor","2 GB RAM, 32 GB inbuilt",5000 mAh Battery with 10W Fast Charging,"6.5 inches, 720 x 1600 px Display with Water Drop Notch",8 MP Rear & 5 MP Front Camera,"Memory Card Supported, upto 1 TB",Android v12
Sony Xperia Pro-I,"₹1,34,999",,"Dual Sim, 3G, 4G, 5G, VoLTE, Wi-Fi, NFC","Snapdragon 888, Octa Core, 2.84 GHz Processor","12 GB RAM, 512 GB inbuilt",4500 mAh Battery with 30W Fast Charging,"6.5 inches, 1644 x 3840 px, 120 Hz Display",12 MP + 12 MP + 12 MP Triple Rear & 8 MP Front Camera,"Memory Card (Hybrid), upto 1 TB",Android v11
Nokia 2660 Flip,"₹4,649",,"Dual Sim, 3G, 4G",No Wifi,Unisoc T107,"48 MB RAM, 128 MB inbuilt",1450 mAh Battery,"2.8 inches, 240 x 320 px Display",Dual Display,0.3 MP Rear Camera
Letv Y2 Pro,"₹6,999",,"Dual Sim, 3G, 4G, VoLTE, Wi-Fi","Unisoc, Octa Core Processor","4 GB RAM, 32 GB inbuilt",4000 mAh Battery,"6.5 inches, 720 x 1560 px Display with Small Notch",13 MP + Depth Sensor + Ultra Wide Triple Rear & 8 MP Front Camera,Android v11,No FM Radio
itel P36,"₹6,490",,"Dual Sim, 3G, 4G, VoLTE, Wi-Fi","Spreadtrum  SC7731E, Quad Core, 1.3 GHz Processor","1 GB RAM, 16 GB inbuilt",5000 mAh Battery,"6.5 inches, 1600 x 720 px Display with Water Drop Notch",8 MP + 0.3 MP Dual Rear & 8 MP Front Camera,Android v9.0 (Pie),Bluetooth
Jio JioPhone 2,"₹2,999",,"Dual Sim, 3G, 4G, VoLTE, Wi-Fi","Dual Core, 1 GHz Processor","512 MB RAM, 4 GB inbuilt",2000 mAh Battery,"2.4 inches, 320 x 240 px Display",2 MP Rear & 0.3 MP Front Camera,"Memory Card Supported, upto 128 GB",KAI OS
Poco C50,"₹6,499",,"Dual Sim, 3G, 4G, VoLTE, Wi-Fi","Helio A22, Quad Core, 2 GHz Processor","2 GB RAM, 32 GB inbuilt",5000 mAh Battery with 10W Fast Charging,"6.52 inches, 720 x 1600 px Display with Water Drop Notch",8 MP Dual Rear & 5 MP Front Camera,"Memory Card Supported, upto 512 GB",Android v12
Samsung Galaxy Note 30 Ultra 5G,"₹1,04,999",,"Dual Sim, 3G, 4G, 5G, VoLTE, Wi-Fi, NFC","Snapdragon  8+ Gen1, Octa Core, 3.2 GHz Processor","12 GB RAM, 256 GB inbuilt",4500 mAh Battery with 67W Fast Charging,"6.71 inches, 1440 x 3214 px, 120 Hz Display with Punch Hole",200 MP + 12 MP + 12 MP Triple Rear & 10 MP Front Camera,"Memory Card (Hybrid), upto 1 TB",Android v12
Vivo X80 Pro 5G,"₹79,999",,"Dual Sim, 3G, 4G, 5G, VoLTE, Wi-Fi, NFC","Snapdragon  8 Gen1, Octa Core, 3 GHz Processor","12 GB RAM, 256 GB inbuilt",4700 mAh Battery with 80W Fast Charging,"6.78 inches, 1440 x 3200 px, 120 Hz Display with Punch Hole",50 MP Quad Rear & 32 MP Front Camera,Memory Card Not Supported,Android v12
Motorola Moto X30 Pro,"₹41,990",,"Dual Sim, 3G, 4G, 5G, VoLTE, Wi-Fi, NFC","Snapdragon 8+ Gen1, Octa Core, 3.2 GHz Processor","8 GB RAM, 128 GB inbuilt",4450 mAh Battery with 125W Fast Charging,"6.67 inches, 1080 x 2400 px, 144 Hz Display with Punch Hole",200 MP + 50 MP + 12 MP Triple Rear & 60 MP Front Camera,Android v12,No FM Radio
Xiaomi 12S Ultra,"₹69,990",,"Dual Sim, 3G, 4G, 5G, VoLTE, Wi-Fi, NFC, IR Blaster","Snapdragon 8+ Gen1, Octa Core, 3.2 GHz Processor","8 GB RAM, 256 GB inbuilt",4860 mAh Battery with 67W Fast Charging,"6.73 inches, 1440 x 3200 px, 120 Hz Display with Punch Hole",50 MP + 48 MP + 48 MP Triple Rear & 32 MP Front Camera,Android v12,No FM Radio
OnePlus 10 Pro 5G (12GB RAM + 512GB),"₹74,999",,"Dual Sim, 3G, 4G, 5G, VoLTE, Wi-Fi, NFC","Snapdragon  8 Gen1, Octa Core, 3 GHz Processor","12 GB RAM, 512 GB inbuilt",5000 mAh Battery with 80W Fast Charging,"6.7 inches, 1440 x 3216 px, 120 Hz Display with Punch Hole",50 MP + 48 MP + 8 MP Triple Rear & 32 MP Front Camera,Android v12.1,No FM Radio
Apple iPhone SE 3 2022,"₹43,900",,"Dual Sim, 3G, 4G, 5G, VoLTE, Wi-Fi, NFC","Bionic  A15, Hexa Core, 3.22 GHz Processor",64 GB inbuilt,"4.7 inches, 750 x 1334 px Display",12 MP Rear & 7 MP Front Camera,Memory Card Not Supported,iOS v15,No FM Radio
Infinix Smart 6 HD,"₹6,999",,"Dual Sim, 3G, 4G, VoLTE, Wi-Fi","Helio A22, Quad Core, 2 GHz Processor","2 GB RAM, 32 GB inbuilt",5000 mAh Battery,"6.6 inches, 720 x 1600 px Display with Water Drop Notch",8 MP Dual Rear & 5 MP Front Camera,"Memory Card Supported, upto 512 GB",Android v11
Xiaomi Mi Mix Alpha,"₹1,99,990",,"Dual Sim, 3G, 4G, 5G, VoLTE, Wi-Fi","Snapdragon 855+, Octa Core, 2.96 GHz Processor","12 GB RAM, 512 GB inbuilt",4050 mAh Battery with 40W Fast Charging,"7.92 inches, 2088 x 2250 px Display",108 MP + 20 MP + 12 MP Triple Rear Camera,Memory Card Not Supported,Android v10
Realme Narzo 50i,"₹6,490",,"Dual Sim, 3G, 4G, VoLTE, Wi-Fi","Unisoc  SC9863A, Octa Core, 1.6 GHz Processor","2 GB RAM, 32 GB inbuilt",5000 mAh Battery,"6.5 inches, 720 x 1600 px Display with Water Drop Notch",8 MP Rear & 5 MP Front Camera,"Memory Card Supported, upto 256 GB",Android v11
Nokia 110 4G,"₹1,762",,"Dual Sim, 3G, 4G, VoLTE",No Wifi,"128 MB RAM, 48 MB inbuilt",1020 mAh Battery,"1.8 inches, 120 x 160 px Display",0.3 MP Rear Camera,"Memory Card Supported, upto 32 GB",
Vivo Y25,"₹7,499",,"Dual Sim, 3G, 4G, Wi-Fi","Helio MT6580, Quad Core, 1.3 GHz Processor","1 GB RAM, 16 GB inbuilt",1900 mAh Battery,"4.5 inches, 480 x 854 px Display",5 MP Rear & 2 MP Front Camera,"Memory Card Supported, upto 128 GB",Android v5.1 (Lollipop)
Tecno Pop 6 Pro,"₹6,299",,"Dual Sim, 3G, 4G, VoLTE, Wi-Fi","Helio A22, Quad Core, 2 GHz Processor","2 GB RAM, 32 GB inbuilt",5000 mAh Battery,"6.56 inches, 720 x 1600 px Display with Water Drop Notch",8 MP Dual Rear & 5 MP Front Camera,"Memory Card Supported, upto 1 TB",Android v12
Itel A24 Pro,"₹5,990",,"Dual Sim, 3G, 4G, Wi-Fi","Unisoc  SC9832E, Quad Core, 1.4 GHz Processor","2 GB RAM, 32 GB inbuilt",3020 mAh Battery,"5 inches, 854 x 480 px Display",2 MP Rear & 0.3 MP Front Camera,Memory Card Supported,Android v12
Vivo X Fold Plus,"₹1,13,990",,"Dual Sim, 3G, 4G, 5G, VoLTE, Wi-Fi, NFC","Snapdragon 8+ Gen1, Octa Core, 3.2 GHz Processor","12 GB RAM, 256 GB inbuilt",4730 mAh Battery with 80W Fast Charging,"8.03 inches, 1916 x 2160 px, 120 Hz Display with Punch Hole","Foldable Display, Dual Display",50 MP Quad Rear & 16 MP + 16 MP Dual Front Camera,Android v12
Nokia 8000 4G,"₹6,899",,"Dual Sim, 3G, 4G, Wi-Fi","Snapdragon  210, Quad Core, 1.1 GHz Processor","512 MB RAM, 4 GB inbuilt",1500 mAh Battery,"2.8 inches, 240 x 320 px Display",2 MP Rear Camera,Memory Card Supported,Bluetooth
Sony Xperia 1 IV (12GB RAM + 512GB),"₹92,980",,"Dual Sim, 3G, 4G, 5G, VoLTE, Wi-Fi, NFC","Snapdragon 8 Gen1, Octa Core, 3 GHz Processor","12 GB RAM, 512 GB inbuilt",5000 mAh Battery with 30W Fast Charging,"6.5 inches, 1644 x 3840 px, 120 Hz Display",12 MP Quad Rear & 12 MP Front Camera,Memory Card (Hybrid),Android v12
OnePlus 12 Pro,"₹69,999",,"Dual Sim, 3G, 4G, 5G, VoLTE, Vo5G, Wi-Fi, NFC","Snapdragon  8 Gen2, Octa Core, 3.2 GHz Processor","12 GB RAM, 256 GB inbuilt",4800 mAh Battery with 150W Fast Charging,"6.73 inches, 1440 x 3412 px, 144 Hz Display with Punch Hole",108 MP + 50 MP + 48 MP Triple Rear & 32 MP Front Camera,Android v13,No FM Radio
Samsung Guru Music 2 Dual Sim,"₹1,949",,Dual Sim,No Wifi,"Single Core, 208 MHz Processor",800 mAh Battery,"2 inches, 128 x 160 px Display",No Rear Camera,"Memory Card Supported, upto 16 GB",
Itel MagicX Pro,"₹2,799",,"Dual Sim, 3G, 4G, VoLTE, Wi-Fi",1 GHz Processor,"64 MB RAM, 128 MB inbuilt",2500 mAh Battery,"2.4 inches, 320 x 240 px Display",0.3 MP Rear Camera,"Memory Card Supported, upto 64 GB",Bluetooth
Google Pixel 6 Pro (12GB RAM + 256GB),"₹79,700",,"Dual Sim, 3G, 4G, 5G, VoLTE, Wi-Fi, NFC","Google  Tensor, Octa Core, 2.8 GHz Processor","12 GB RAM, 256 GB inbuilt",5003 mAh Battery with 30W Fast Charging,"6.71 inches, 1440 x 3120 px, 120 Hz Display with Punch Hole",50 MP + 48 MP + 12 MP Triple Rear & 11.1 MP Front Camera,Android v12,No FM Radio
Xiaomi 12 Pro 5G (12GB RAM + 256GB),"₹51,880",,"Dual Sim, 3G, 4G, 5G, VoLTE, Wi-Fi, NFC, IR Blaster","Snapdragon 8 Gen1, Octa Core, 3 GHz Processor","12 GB RAM, 256 GB inbuilt",4600 mAh Battery with 120W Fast Charging,"6.73 inches, 1440 x 3200 px, 120 Hz Display with Punch Hole",50 MP + 50 MP + 50 MP Triple Rear & 32 MP Front Camera,Android v12,No FM Radio
Nokia X60 Pro 5G,"₹49,990",,"Dual Sim, 3G, 4G, 5G, VoLTE, Wi-Fi","Snapdragon  870, Octa Core, 3.2 GHz Processor","8 GB RAM, 128 GB inbuilt",6000 mAh Battery with 44W Fast Charging,"6.51 inches, 1080 x 2408 px, 144 Hz Display with Punch Hole",200 MP Quad Rear & 32 MP Front Camera,Memory Card Supported,Android v11
itel Magic 2 4G,"₹2,399",,"Dual Sim, 3G, 4G, VoLTE, Wi-Fi",No 3G,T117,"64 MB RAM, 128 MB inbuilt",1900 mAh Battery,"2.4 inches, 240 x 320 px Display",1.3 MP Rear Camera,"Memory Card Supported, upto 64 GB"
Nokia 105 (2019),"₹1,299",,Single Sim,No Wifi,"4 MB RAM, 4 MB inbuilt",800 mAh Battery,"1.77 inches, 120 x 160 px Display",No Rear Camera,,
Vivo Y71,"₹25,000",,"Dual Sim, 3G, 4G, VoLTE, Wi-Fi","Snapdragon 425, Quad Core, 1.4 GHz Processor","3 GB RAM, 16 GB inbuilt",3360 mAh Battery,"6 inches, 720 x 1440 px Display",13 MP Rear & 5 MP Front Camera,Memory Card Supported,Android v8.1 (Oreo)
Lyf C459,"₹1,999",,"Dual Sim, 3G, 4G, VoLTE, Wi-Fi","Snapdragon MSM8909, Quad Core, 1.1 GHz Processor","1 GB RAM, 8 GB inbuilt",2000 mAh Battery,"4.5 inches, 480 x 854 px Display",5 MP Rear & 2 MP Front Camera,"Memory Card Supported, upto 32 GB",Android v6.0 (Marshmallow)
Nokia 8210 4G,"₹3,749",,"Dual Sim, 3G, 4G",No Wifi,Unisoc T107,"48 MB RAM, 128 MB inbuilt",1450 mAh Battery,"2.8 inches, 240 x 320 px Display",0.3 MP Rear Camera,"Memory Card Supported, upto 32 GB"
Jio JioPhone Next (3GB RAM + 32GB),"₹7,499",,"Dual Sim, 3G, 4G, VoLTE, Wi-Fi","Qualcomm 215, Quad Core, 1.3 GHz Processor","3 GB RAM, 32 GB inbuilt",3000 mAh Battery,"5.5 inches, 720 x 1440 px Display",13 MP Rear & 8 MP Front Camera,Memory Card Supported,Pragati OS (Powered by Android)
Samsung Galaxy S20 Ultra 5G,"₹99,999",,"Dual Sim, 3G, 4G, 5G, VoLTE, Wi-Fi, NFC","Exynos 990, Octa Core, 2.73 GHz Processor","12 GB RAM, 128 GB inbuilt",5000 mAh Battery with 45W Fast Charging,"6.9 inches, 1440 x 3200 px Display with Punch Hole",108 MP Quad Rear & 40 MP Front Camera,"Memory Card (Hybrid), upto 1 TB",Android v10.0
Apple iPhone 7s,"₹52,990",,"Single Sim, 3G, 4G, VoLTE, Wi-Fi","Fusion APL1024, Quad Core, 2.37 GHz Processor","3 GB RAM, 32 GB inbuilt",2230 mAh Battery,"4.7 inches, 750 x 1334 px Display",13 MP Rear & 7 MP Front Camera,iOS v10,No FM Radio
Namotel Achhe Din,₹99,,"Dual Sim, 3G, Wi-Fi","1 GB RAM, 4 GB inbuilt",1325 mAh Battery,"4 inches, 720 x 1280 px Display",2 MP Rear & 0.3 MP Front Camera,Android v5.0 (Lollipop),Bluetooth,
Eunity U1 5605N,₹699,,Dual Sim,No 3G,"Dual Core, 500 MHz Processor","32 MB RAM, 32 MB inbuilt",3000 mAh Battery,"1.8 inches, 128 x 160 px Display",0.3 MP Rear Camera,"Memory Card Supported, upto 16 GB"
Nokia 225 4G,"₹3,589",,"Dual Sim, 3G, 4G, VoLTE",Unisoc T117,"64 MB RAM, 128 MB inbuilt",1150 mAh Battery,"2.4 inches, 240 x 320 px Display",0.3 MP Rear Camera,"Memory Card Supported, upto 32 GB",RTOS (Series 30+)
Nokia 105 Plus,"₹1,299",,Dual Sim,"4 MB RAM, 4 MB inbuilt",800 mAh Battery,"1.77 inches, 128 x 160 px Display",No Rear Camera,"Memory Card Supported, upto 32 GB",Bluetooth,
Samsung Galaxy S22 Ultra 5G (8GB RAM + 128GB),"₹99,990",,"Dual Sim, 3G, 4G, 5G, VoLTE, Wi-Fi, NFC","Snapdragon  8 Gen1, Octa Core, 3 GHz Processor","8 GB RAM, 128 GB inbuilt",5000 mAh Battery with 45W Fast Charging,"6.8 inches, 1440 x 3080 px, 120 Hz Display with Punch Hole",108 MP Quad Rear & 40 MP Front Camera,Android v12,Bluetooth
Nokia 2760 Flip,"₹5,490",,"Dual Sim, 3G, 4G, Wi-Fi",1450 mAh Battery,"3.6 inches, 240 x 320 px Display",5 MP Rear & 5 MP Front Camera,"Memory Card Supported, upto 32 GB",Kaios v3.0,Bluetooth,
Motorola Moto A10,"₹1,339",,Dual Sim,"4 MB RAM, 4 MB inbuilt",1750 mAh Battery,"1.8 inches, 160 x 128 px Display",No Rear Camera,"Memory Card Supported, upto 32 GB",,
Huawei Mate 40 Pro 4G,"₹69,990",,"Dual Sim, 3G, 4G, VoLTE, Wi-Fi, NFC, IR Blaster","Kirin  9000, Octa Core, 3.13 GHz Processor","8 GB RAM, 128 GB inbuilt",4400 mAh Battery with 66W Fast Charging,"6.76 inches, 1344 x 2772 px, 90 Hz Display with Punch Hole",50 MP + 20 MP + 12 MP Triple Rear & 13 MP Dual Front Camera,"Memory Card (Hybrid), upto 256 GB",Harmony v2.0
Zanco Tiny T1,"₹2,799",,Single Sim,"32 MB RAM, 32 MB inbuilt",200 mAh Battery,"0.49 inches, 64 x 32 px Display",No Rear Camera,No FM Radio,Bluetooth,
itel it2163S,₹958,,Dual Sim,"4 MB RAM, 4 MB inbuilt",1200 mAh Battery,"1.8 inches, 160 x 128 px Display",No Rear Camera,"Memory Card Supported, upto 32 GB",Bluetooth,
Honor Magic 4 Pro Plus 5G,"₹94,990",,"Dual Sim, 3G, 4G, 5G, VoLTE, Wi-Fi, NFC","Snapdragon  8 Gen1, Octa Core, 3 GHz Processor","12 GB RAM, 512 GB inbuilt",4600 mAh Battery with 120W Fast Charging,"6.76 inches, 1344 x 2772 px, 120 Hz Display with Punch Hole",50 MP Quad Rear & 13 MP Dual Front Camera,Android v12,No FM Radio
LG V60 ThinQ,"₹79,990",,"Dual Sim, 3G, 4G, 5G, VoLTE, Wi-Fi, NFC","Snapdragon  865, Octa Core, 2.84 GHz Processor","8 GB RAM, 128 GB inbuilt",5000 mAh Battery with Fast Charging,"6.8 inches, 1080 x 2460 px Display with Punch Hole",Dual Display,64 MP + 13 MP + 0.3 MP Triple Rear & 10 MP Front Camera,"Memory Card (Hybrid), upto 2 TB"
Xiaomi Qin 1,"₹1,799",,"Dual Sim, Wi-Fi",Helio MT6260A,"8 MB RAM, 16 MB inbuilt",1480 mAh Battery,"2.8 inches, 240 x 320 px Display",No Rear Camera,Nucleus,No FM Radio
Vivo Y02 (2GB RAM + 32GB),"₹7,999",,"Dual Sim, 3G, 4G, VoLTE, Wi-Fi","Helio, Octa Core Processor","2 GB RAM, 32 GB inbuilt",5000 mAh Battery with 10W Fast Charging,"6.51 inches, 720 x 1600 px Display with Water Drop Notch",8 MP Rear & 5 MP Front Camera,"Memory Card Supported, upto 1 TB",Android v12
itel Vision 3 (2GB RAM + 32GB),"₹5,785",,"Dual Sim, 3G, 4G, VoLTE, Wi-Fi","Unisoc  SC9863a, Octa Core, 1.6 GHz Processor","2 GB RAM, 32 GB inbuilt",5000 mAh Battery with 18W Fast Charging,"6.6 inches, 1612 x 720 px Display with Water Drop Notch",8 MP + 0.08 MP Dual Rear & 5 MP Front Camera,"Memory Card Supported, upto 128 GB",Android v11.0
Samsung Guru GT-E1215,"₹1,850",,Single Sim,800 mAh Battery,"1.5 inches, 120 x 120 px Display",No Rear Camera,No FM Radio,,,
Oppo Find N 5G,"₹92,249",,"Dual Sim, 3G, 4G, 5G, VoLTE, Wi-Fi, NFC","Snapdragon  888, Octa Core, 2.84 GHz Processor","8 GB RAM, 256 GB inbuilt",4500 mAh Battery with 33W Fast Charging,"7.1 inches, 1792 x 1920 px, 120 Hz Display with Punch Hole","Foldable Display, Dual Display",50 MP + 16 MP + 13 MP Triple Rear & 32 MP Front Camera,Android v11
Asus ROG Phone 6D Ultimate,"₹1,07,990",,"Dual Sim, 3G, 4G, 5G, VoLTE, Wi-Fi, NFC","Dimensity 9000 Plus, Octa Core, 3.2 GHz Processor","16 GB RAM, 512 GB inbuilt",6000 mAh Battery with 65W Fast Charging,"6.78 inches, 1080 x 2448 px, 165 Hz Display",Dual Display,50 MP + 13 MP + 5 MP Triple Rear & 12 MP Front Camera,Memory Card Not Supported
Vivo X80 Pro Plus 5G,"₹82,990",,"Dual Sim, 3G, 4G, 5G, VoLTE, Wi-Fi, NFC","Snapdragon 8+ Gen1, Octa Core, 3.2 GHz Processor","12 GB RAM, 256 GB inbuilt",4500 mAh Battery with 120W Fast Charging,"6.78 inches, 1440 x 3200 px, 120 Hz Display with Punch Hole",50 MP Quad Rear & 32 MP Front Camera,Android v11,No FM Radio
Tecno Pop 5 Go,"₹6,999",,"Dual Sim, 3G, Wi-Fi","Spreadtrum  SC7731, Quad Core, 1.3 GHz Processor","1 GB RAM, 16 GB inbuilt",4000 mAh Battery,"6.1 inches, 720 x 1520 px Display with Water Drop Notch",5 MP + 0.3 MP Dual Rear & 5 MP Front Camera,Memory Card Supported,Android v11
Huawei P50 Pro 4G,"₹60,999",,"Dual Sim, 3G, 4G, VoLTE, Wi-Fi, NFC, IR Blaster","Snapdragon 888, Octa Core, 2.84 GHz Processor","8 GB RAM, 256 GB inbuilt",4360 mAh Battery with 66W Fast Charging,"6.6 inches, 1288 x 2700 px, 120 Hz Display with Punch Hole",50 MP Quad Rear & 13 MP Front Camera,"Memory Card (Hybrid), upto 256 GB",HarmonyOS v2.0
Nokia C01 Plus,"₹5,249",,"Dual Sim, 3G, 4G, VoLTE, Wi-Fi","Unisoc  SC9863A, Octa Core, 1.6 GHz Processor","2 GB RAM, 16 GB inbuilt",3000 mAh Battery,"5.45 inches, 720 x 1440 px Display",5 MP Rear & 5 MP Front Camera,"Memory Card Supported, upto 256 GB",Android v11
Oppo Find X3 Pro,"₹50,990",,"Dual Sim, 3G, 4G, 5G, VoLTE, Wi-Fi, NFC","Snapdragon  888 , Octa Core, 2.84 GHz Processor","12 GB RAM, 256 GB inbuilt",4500 mAh Battery with 65W Fast Charging,"6.7 inches, 1440 x 3216 px, 120 Hz Display with Punch Hole",50 MP Quad Rear & 32 MP Front Camera,Android v11,No FM Radio
itel S16,"₹5,990",,"Dual Sim, 3G, 4G, VoLTE, Wi-Fi","Unisoc SC7731E, Quad Core, 1.3 GHz Processor","1 GB RAM, 16 GB inbuilt",4000 mAh Battery,"6.5 inches, 1600 x 720 px Display with Water Drop Notch",8 MP + 2 MP + 0.3 MP Triple Rear & 8 MP Front Camera,"Memory Card Supported, upto 32 GB",Android v10
Nokia 400 4G,"₹3,290",,"Dual Sim, 4G, VoLTE, Wi-Fi",2000 mAh Battery,"2.4 inches, 240 x 320 px Display",0.3 MP Rear & 0.3 MP Front Camera,"Memory Card Supported, upto 64 GB",Bluetooth,Browser,
Apple iPod Touch (7th Gen),"₹18,900",,Wi-Fi,32 GB inbuilt,"4 inches, 640 x 1136 px Display",8 MP Rear & 1.2 MP Front Camera,iOS v12,No FM Radio,Bluetooth,Browser
Karbonn KU3i,₹995,,Dual Sim,"52 MB RAM, 32 MB inbuilt",1000 mAh Battery,"1.8 inches, 128 x 160 px Display",No Rear Camera,"Memory Card Supported, upto 16 GB",Bluetooth,
Honor 80 Pro Plus,"₹54,990",,"Dual Sim, 3G, 4G, 5G, VoLTE, Wi-Fi, NFC","Snapdragon 8 Gen1 , Octa Core, 3 GHz Processor","12 GB RAM, 256 GB inbuilt",4500 mAh Battery with 100W Fast Charging,"6.78 inches, 1200 x 2652 px, 120 Hz Display with Punch Hole",200 MP + 50 MP + 8 MP Triple Rear & 50 MP Front Camera,Android v12,No FM Radio
Vivo X Note 5G (12GB RAM + 512GB),"₹82,990",,"Dual Sim, 3G, 4G, 5G, VoLTE, Wi-Fi, NFC, IR Blaster","Snapdragon 8 Gen1, Octa Core, 3 GHz Processor","12 GB RAM, 512 GB inbuilt",5000 mAh Battery with 80W Fast Charging,"7 inches, 1440 x 3080 px, 120 Hz Display with Punch Hole",50 MP Quad Rear & 16 MP Front Camera,Android v12,No FM Radio
Oppo Find X5 Pro 5G,"₹79,990",,"Dual Sim, 3G, 4G, 5G, VoLTE, Wi-Fi, NFC","Snapdragon 8 Gen1, Octa Core, 3 GHz Processor","8 GB RAM, 256 GB inbuilt",5000 mAh Battery with 80W Fast Charging,"6.7 inches, 1440 x 3216 px, 120 Hz Display with Punch Hole",50 MP + 50 MP + 13 MP Triple Rear & 32 MP Front Camera,Android v12,No FM Radio
Xiaomi 12 Ultra 5G,"₹75,999",,"Dual Sim, 3G, 4G, 5G, VoLTE, Wi-Fi, NFC, IR Blaster","Snapdragon 8+ Gen1, Octa Core, 3.2 GHz Processor","12 GB RAM, 256 GB inbuilt",4800 mAh Battery with 67W Fast Charging,"6.73 inches, 1440 x 3200 px, 120 Hz Display with Punch Hole",50 MP + 50 MP + 50 MP Triple Rear & 20 MP Front Camera,Android v12,No FM Radio
Xiaomi Mi Mix Fold,"₹1,09,990",,"Dual Sim, 3G, 4G, 5G, VoLTE, Wi-Fi, NFC, IR Blaster","Snapdragon  888 , Octa Core, 2.84 GHz Processor","12 GB RAM, 256 GB inbuilt",5020 mAh Battery with 67W Fast Charging,"8.01 inches, 1860 x 2480 px, 90 Hz Display","Foldable Display, Dual Display",108 MP + 13 MP + 8 MP Triple Rear & 20 MP Front Camera,Android v10
itel A56,"₹5,490",,"Dual Sim, 3G, 4G, VoLTE, Wi-Fi","Quad Core, 1.3 GHz Processor","1 GB RAM, 16 GB inbuilt",4000 mAh Battery,"6 inches, 720 x 1600 px Display",8 MP Dual Rear & 5 MP Front Camera,"Memory Card Supported, upto 32 GB",Android v9.0 (Pie)
Huawei P40 Pro,"₹82,990",,"Dual Sim, 3G, 4G, 5G, VoLTE, Wi-Fi, NFC","Kirin 990, Octa Core, 2.86 GHz Processor","8 GB RAM, 256 GB inbuilt",4200 mAh Battery with 40W Fast Charging,"6.58 inches, 1200 x 2640 px, 90 Hz Display with Dual Punch Hole",50 MP Quad Rear & 32 MP Dual Front Camera,"Memory Card (Hybrid), upto 256 GB",Android v10.0
itel Magic X,"₹2,239",,"Dual Sim, 3G, 4G, VoLTE, Wi-Fi",No 3G,T117,"48 MB RAM, 128 MB inbuilt",1200 mAh Battery,"2.4 inches, 240 x 320 px Display",1.3 MP Rear Camera,"Memory Card Supported, upto 64 GB"
Eunity U1 King,₹599,,Dual Sim,1.77 MHz Processor,"32 MB RAM, 32 MB inbuilt",1000 mAh Battery,"1.8 inches, 260 x 240 px Display",0.3 MP Rear Camera,,
Gionee K10,"₹6,999",,"Dual Sim, 3G, 4G, VoLTE, Wi-Fi","Tiger  T310, Quad Core, 2 GHz Processor","3 GB RAM, 32 GB inbuilt",4800 mAh Battery,"6.8 inches, 720 x 1600 px Display with Punch Hole",13 MP Rear & 5 MP Front Camera,Memory Card Supported,Android v10
CAT S22 Flip,"₹14,999",,"Single Sim, 3G, 4G, VoLTE, Wi-Fi","Qualcomm 215, Quad Core, 1.3 GHz Processor","2 GB RAM, 16 GB inbuilt",2000 mAh Battery,"4 inches, 480 x 640 px Display",Dual Display,5 MP Rear & 2 MP Front Camera,"Memory Card Supported, upto 128 GB"
DIZO Star 500,"₹1,749",,Dual Sim,"SC6531E, 26 MHz Processor","32 MB RAM, 32 MB inbuilt",1900 mAh Battery,"2.8 inches, 240 x 320 px Display",0.3 MP Rear Camera,"Memory Card Supported, upto 64 GB",Bluetooth
Nokia 215 4G,"₹3,099",,"Dual Sim, 3G, 4G, VoLTE",Unisoc T117,"64 MB RAM, 128 MB inbuilt",1150 mAh Battery,"2.4 inches, 240 x 320 px Display",No Rear Camera,"Memory Card Supported, upto 32 GB",RTOS (Series 30+)
Samsung Galaxy A01 Core,"₹4,999",,"Dual Sim, 3G, 4G, VoLTE, Wi-Fi","(28 nm), Quad Core, 1.5 GHz Processor","1 GB RAM, 16 GB inbuilt",3000 mAh Battery,"5.3 inches, 720 x 1480 px Display",8 MP Rear & 5 MP Front Camera,Memory Card Supported,Android v10
LG Folder 2,"₹11,999",,"Single Sim, 3G, 4G, Wi-Fi","1 GB RAM, 8 GB inbuilt",1470 mAh Battery,"2.8 inches, 240 x 320 px Display",2 MP Rear Camera,Memory Card Supported,Bluetooth,
Vivo Y91c,"₹8,199",,"Dual Sim, 3G, 4G, VoLTE, Wi-Fi","Helio P22, Octa Core, 2 GHz Processor","2 GB RAM, 32 GB inbuilt",4030 mAh Battery,"6.22 inches, 720 x 1520 px Display with Water Drop Notch",13 MP Rear & 5 MP Front Camera,"Memory Card Supported, upto 256 GB",Android v8.1 (Oreo)
BlackZone Ultra 4G,"₹1,899",,"Dual Sim, 3G, 4G, VoLTE","Single Core, 1 GHz Processor","48 MB RAM, 48 MB inbuilt",2500 mAh Battery,"1.8 inches, 480 x 640 px Display",2 MP Rear Camera,"Memory Card Supported, upto 48 GB",Bluetooth
Nokia 110 (2022),"₹1,599",,Dual Sim,No Wifi,"4 MB RAM, 4 MB inbuilt",1000 mAh Battery,"1.77 inches, 120 x 160 px Display","Memory Card Supported, upto 32 GB",,
Nokia 5710 XpressAudio,"₹4,799",,"Dual Sim, 3G, 4G",No Wifi,Unisoc T107,"48 MB RAM, 128 MB inbuilt",1450 mAh Battery,"2.4 inches, 240 x 320 px Display",0.3 MP Rear Camera,"Memory Card Supported, upto 32 GB"
Itel A23 Pro,"₹3,999",,"Dual Sim, 3G, 4G, Wi-Fi","Spreadtrum  SC9832E , Quad Core, 1.4 GHz Processor","1 GB RAM, 8 GB inbuilt",2400 mAh Battery,"5 inches, 854 x 480 px Display",5 MP Rear & 2 MP Front Camera,Android v10,No FM Radio
Samsung Galaxy S21 Ultra 5G (12GB RAM + 128GB),"₹1,01,999",,"Dual Sim, 3G, 4G, 5G, VoLTE, Wi-Fi, NFC","Exynos  2100, Octa Core, 2.9 GHz Processor","12 GB RAM, 128 GB inbuilt",5000 mAh Battery with 25W Fast Charging,"6.8 inches, 1440 x 3200 px, 120 Hz Display with Punch Hole",108 MP Quad Rear & 40 MP Front Camera,Android v10,No FM Radio
Nokia 150 (2020),"₹2,499",,Dual Sim,No Wifi,4 MB inbuilt,1020 mAh Battery,"2.4 inches, 240 x 320 px Display",0.3 MP Rear Camera,"Memory Card Supported, upto 32 GB",Bluetooth
Samsung Galaxy S20 Plus 5G,"₹85,990",,"Dual Sim, 3G, 4G, 5G, VoLTE, Wi-Fi, NFC","Exynos 990, Octa Core, 2.73 GHz Processor","8 GB RAM, 128 GB inbuilt",4500 mAh Battery with 25W Fast Charging,"6.7 inches, 1440 x 3200 px Display with Punch Hole",64 MP Quad Rear & 10 MP Front Camera,"Memory Card (Hybrid), upto 1 TB",Android v10
Realme A1,"₹8,999",,"Dual Sim, 3G, 4G, VoLTE, Wi-Fi","Helio P70, Octa Core, 2.1 GHz Processor","2 GB RAM, 16 GB inbuilt",4000 mAh Battery,"6.2 inches, 720 x 1520 px Display with Water Drop Notch",13 MP + 2 MP Dual Rear & 8 MP Front Camera,"Memory Card Supported, upto 256 GB",Android v8.1 (Oreo)
Nokia 3310 4G,"₹3,999",,"Dual Sim, 3G, 4G, VoLTE, Wi-Fi","256 MB RAM, 512 MB inbuilt",1200 mAh Battery,"2.4 inches, 240 x 320 px Display",2 MP Rear Camera,"Memory Card Supported, upto 32 GB",Bluetooth,Browser
Lyf Earth 2,"₹3,890",,"Dual Sim, 3G, 4G, VoLTE, Wi-Fi","Snapdragon MSM8939, Octa Core, 1.5 GHz Processor","3 GB RAM, 32 GB inbuilt",2500 mAh Battery,"5 inches, 1080 x 1920 px Display",13 MP Rear & 13 MP Front Camera,"Memory Card (Hybrid), upto 64 GB",Android v5.1.1 (Lollipop)
Samsung Guru E1200,"₹1,685",,Single Sim,No Wifi,800 mAh Battery,"1.5 inches, 128 x 128 px Display",No Rear Camera,No FM Radio,,
iKall K88 Pro 4G,"₹2,099",,"Dual Sim, 3G, 4G, VoLTE","48 MB RAM, 128 MB inbuilt",1800 mAh Battery,"2.4 inches, 240 x 360 px Display",0.3 MP Rear Camera,"Memory Card Supported, upto 128 GB",Bluetooth,Browser
Eunity U1 Livo,₹649,,Dual Sim,1.77 MHz Processor,"16 MB RAM, 16 MB inbuilt",1000 mAh Battery,"1.8 inches, 280 x 240 px Display",0.3 MP Rear Camera,,
Samsung Galaxy Z Fold 4 (12GB RAM + 1TB),"₹1,63,980",,"Dual Sim, 3G, 4G, 5G, VoLTE, Wi-Fi, NFC","Snapdragon  8+ Gen1, Octa Core, 3.2 GHz Processor","12 GB RAM, 1 TB inbuilt",4400 mAh Battery with 25W Fast Charging,"7.6 inches, 1812 x 2176 px, 120 Hz Display with Punch Hole","Foldable Display, Dual Display",50 MP + 12 MP + 10 MP Triple Rear & 10 MP + 4 MP Dual Front Camera,Android v12
Motorola Moto Edge X30 Pro,"₹59,990",,"Dual Sim, 3G, 4G, 5G, VoLTE, Wi-Fi, NFC","Snapdragon 8+ Gen1, Octa Core, 3.2 GHz Processor","8 GB RAM, 128 GB inbuilt",4450 mAh Battery with 125W Fast Charging,"6.67 inches, 1080 x 2340 px, 144 Hz Display with Punch Hole",200 MP + 50 MP + 12 MP Triple Rear & 60 MP Front Camera,Android v12,No FM Radio
Vivo X Fold 5G (12GB RAM + 512GB),"₹1,18,990",,"Dual Sim, 3G, 4G, 5G, VoLTE, Wi-Fi, NFC","Snapdragon 8 Gen1, Octa Core, 3 GHz Processor","12 GB RAM, 512 GB inbuilt",4600 mAh Battery with 66W Fast Charging,"8.03 inches, 1916 x 2160 px, 120 Hz Display",Foldable Display,50 MP Quad Rear & 16 MP Front Camera,Android v12
itel Vision 1 (3GB RAM + 32GB),"₹5,890",,"Dual Sim, 3G, 4G, VoLTE, Wi-Fi","Unisoc  A55, Octa Core, 1.6 GHz Processor","3 GB RAM, 32 GB inbuilt",4000 mAh Battery,"6.09 inches, 1520 x 720 px Display with Water Drop Notch",8 MP + 0.3 MP Dual Rear & 5 MP Front Camera,"Memory Card Supported, upto 128 GB",Android v9 (Pie)
Nokia 5310 Dual Sim,"₹3,399",,Dual Sim,"8 MB RAM, 16 MB inbuilt",1200 mAh Battery,"2.4 inches, 240 x 320 px Display",0.3 MP Rear Camera,"Memory Card Supported, upto 32 GB",Bluetooth,Browser
Huawei Mate 30 RS Porsche Design,"₹2,14,990",,"Dual Sim, 3G, 4G, 5G, VoLTE, Wi-Fi, NFC, IR Blaster","Kirin  990, Octa Core, 2.86 GHz Processor","12 GB RAM, 512 GB inbuilt",4500 mAh Battery with Fast Charging,"6.53 inches, 1176 x 2400 px Display with Large Notch",40 MP Quad Rear & 32 MP Dual Front Camera,"Memory Card (Hybrid), upto 256 GB",Android v10
Realme C2,"₹6,999",,"Dual Sim, 3G, 4G, VoLTE, Wi-Fi","Helio P22, Octa Core, 2 GHz Processor","2 GB RAM, 16 GB inbuilt",4000 mAh Battery,"6.1 inches, 1560 x 720 px Display with Water Drop Notch",13 MP + 2 MP Dual Rear & 5 MP Front Camera,"Memory Card Supported, upto 256 GB",Android v9.0 (Pie)
Huawei Mate X,"₹1,69,000",,"Dual Sim, 3G, 4G, 5G, VoLTE, Wi-Fi, NFC, IR Blaster","Kirin  990, Octa Core, 2.86 GHz Processor","8 GB RAM, 512 GB inbuilt",4500 mAh Battery with 55W Fast Charging,"8 inches, 2200 x 2480 px Display",Foldable Display,48 MP Quad Rear Camera,"Memory Card (Hybrid), upto 256 GB"
Vivo Y55S,"₹13,490",,"Dual Sim, 3G, 4G, VoLTE, Wi-Fi","Snapdragon 425, Quad Core, 1.2 GHz Processor","3 GB RAM, 16 GB inbuilt",2730 mAh Battery,"5.2 inches, 720 x 1280 px Display",13 MP Rear & 5 MP Front Camera,Memory Card Supported,Android v6.0 (Marshmallow)
XTouch F40 Flip,"₹1,999",,Dual Sim,No 3G,No Wifi,"32 MB RAM, 32 MB inbuilt",800 mAh Battery,"1.77 inches, 240 x 320 px Display",Dual Display,1.3 MP Rear Camera
Lava X3,"₹6,999",,"Dual Sim, 3G, 4G, VoLTE, Wi-Fi","Helio A22, Quad Core, 2 GHz Processor","3 GB RAM, 32 GB inbuilt",4000 mAh Battery,"6.5 inches, 1600 x 720 px Display with Water Drop Notch",8 MP Dual Rear & 5 MP Front Camera,"Memory Card (Hybrid), upto 512 GB",Android v12
itel A23s,"₹4,787",,"Dual Sim, 3G, 4G, Wi-Fi","Spreadtrum  SC9832E, Quad Core, 1.4 GHz Processor","2 GB RAM, 32 GB inbuilt",3020 mAh Battery,"5 inches, 854 x 480 px Display",2 MP Rear Camera,Android v11,No FM Radio
Vivo X Fold 2,"₹1,19,990",,"Dual Sim, 3G, 4G, 5G, VoLTE, Wi-Fi, NFC","Snapdragon 8 Gen2, Octa Core, 3.2 GHz Processor","12 GB RAM, 256 GB inbuilt",4800 mAh Battery with 66W Fast Charging,"8.03 inches, 1916 x 2160 px, 120 Hz Display",Foldable Display,50 MP + 50 MP + 10 MP Triple Rear & 32 MP Front Camera,Android v12
