model,price,rating,sim,processor,ram,battery,display,camera,card,os,brand
Nothing Phone 1,26749,85.0,"Dual Sim, 3G, 4G, 5G, VoLTE, Wi-Fi, NFC","Snapdragon 778G Plus, Octa Core, 2.5 GHz Processor","8 GB RAM, 128 GB inbuilt",4500 mAh Battery with 33W Fast Charging,"6.55 inches, 1080 x 2400 px, 120 Hz Display with Punch Hole",50 MP + 50 MP Dual Rear & 16 MP Front Camera,Android v12,No FM Radio,Nothing
OnePlus Nord 2T 5G,28999,84.0,"Dual Sim, 3G, 4G, 5G, VoLTE, Wi-Fi, NFC","Dimensity  1300, Octa Core, 3 GHz Processor","8 GB RAM, 128 GB inbuilt",4500 mAh Battery with 80W Fast Charging,"6.43 inches, 1080 x 2400 px, 90 Hz Display with Punch Hole",50 MP + 8 MP + 2 MP Triple Rear & 32 MP Front Camera,Android v12,No FM Radio,OnePlus
Xiaomi Redmi Note 12 Pro 5G,24762,79.0,"Dual Sim, 3G, 4G, 5G, VoLTE, Wi-Fi, IR Blaster","Dimensity 1080, Octa Core, 2.6 GHz Processor","6 GB RAM, 128 GB inbuilt",5000 mAh Battery with 67W Fast Charging,"6.67 inches, 1080 x 2400 px, 120 Hz Display with Punch Hole",50 MP + 8 MP + 2 MP Triple Rear & 16 MP Front Camera,Android v12,No FM Radio,Xiaomi
OPPO Reno 9 Pro Plus,45999,86.0,"Dual Sim, 3G, 4G, 5G, VoLTE, Wi-Fi, NFC","Snapdragon 8+ Gen1, Octa Core, 3.2 GHz Processor","16 GB RAM, 256 GB inbuilt",4700 mAh Battery with 80W Fast Charging,"6.7 inches, 1080 x 2412 px, 120 Hz Display with Punch Hole",50 MP + 8 MP + 2 MP Triple Rear & 32 MP Front Camera,Android v13,No FM Radio,OPPO
OnePlus 10R 5G,32999,86.0,"Dual Sim, 3G, 4G, 5G, VoLTE, Wi-Fi, NFC","Dimensity 8100 Max, Octa Core, 2.85 GHz Processor","8 GB RAM, 128 GB inbuilt",5000 mAh Battery with 80W Fast Charging,"6.7 inches, 1080 x 2412 px, 120 Hz Display with Punch Hole",50 MP + 8 MP + 2 MP Triple Rear & 16 MP Front Camera,Android v12,Bluetooth,OnePlus
OnePlus 11R,39999,85.0,"Dual Sim, 3G, 4G, 5G, VoLTE, Wi-Fi, NFC","Snapdragon  8+ Gen1, Octa Core, 3.2 GHz Processor","8 GB RAM, 128 GB inbuilt",5000 mAh Battery with 100W Fast Charging,"6.7 inches, 1080 x 2412 px, 120 Hz Display with Punch Hole",50 MP + 12 MP + 2 MP Triple Rear & 16 MP Front Camera,Android v13,Bluetooth,OnePlus
Vivo V25 Pro 5G,35999,85.0,"Dual Sim, 3G, 4G, 5G, VoLTE, Wi-Fi","Dimensity 1300, Octa Core, 3 GHz Processor","8 GB RAM, 128 GB inbuilt",4830 mAh Battery with 66W Fast Charging,"6.56 inches, 1080 x 2376 px, 120 Hz Display with Punch Hole",64 MP + 8 MP + 2 MP Triple Rear & 32 MP Front Camera,Android v12,No FM Radio,Vivo
Vivo V26 Pro,42990,87.0,"Dual Sim, 3G, 4G, 5G, VoLTE, Wi-Fi, NFC","Dimensity 9000 Plus, Octa Core, 3.2 GHz Processor","12 GB RAM, 256 GB inbuilt",4800 mAh Battery with 100W Fast Charging,"6.7 inches, 1080 x 2400 px, 120 Hz Display with Punch Hole",64 MP + 8 MP + 2 MP Triple Rear & 32 MP Front Camera,Android v13,No FM Radio,Vivo
OnePlus 11 Pro,69999,78.25,"Dual Sim, 3G, 4G, 5G, VoLTE, Wi-Fi, NFC","Snapdragon  8 Gen2, Octa Core, 3.2 GHz Processor","8 GB RAM, 128 GB inbuilt",4500 mAh Battery with 100W Fast Charging,"6.7 inches, 1440 x 3216 px, 120 Hz Display with Punch Hole",50 MP + 48 MP + 32 MP Triple Rear & 16 MP Front Camera,Android v13,No FM Radio,OnePlus
Samsung Galaxy S22 Ultra 5G,91999,78.25,"Dual Sim, 3G, 4G, 5G, VoLTE, Wi-Fi, NFC","Snapdragon  8 Gen1, Octa Core, 3 GHz Processor","12 GB RAM, 256 GB inbuilt",5000 mAh Battery with 45W Fast Charging,"6.8 inches, 1440 x 3080 px, 120 Hz Display with Punch Hole",108 MP Quad Rear & 40 MP Front Camera,Android v12,Bluetooth,Samsung
OPPO Reno 9 5G,28499,83.0,"Dual Sim, 3G, 4G, 5G, VoLTE, Wi-Fi, NFC","Snapdragon 778G, Octa Core, 2.4 GHz Processor","8 GB RAM, 256 GB inbuilt",4500 mAh Battery with 67W Fast Charging,"6.7 inches, 1080 x 2412 px, 120 Hz Display with Punch Hole",64 MP + 2 MP Dual Rear & 32 MP Front Camera,Android v13,No FM Radio,OPPO
iQOO Neo 7 5G,29999,82.0,"Dual Sim, 3G, 4G, 5G, VoLTE, Wi-Fi, NFC, IR Blaster","Dimensity 8200, Octa Core, 3.1 GHz Processor","8 GB RAM, 128 GB inbuilt",5000 mAh Battery with 120W Fast Charging,"6.78 inches, 1080 x 2400 px, 120 Hz Display with Punch Hole",64 MP + 2 MP + 2 MP Triple Rear & 16 MP Front Camera,Android v13,No FM Radio,iQOO
Samsung Galaxy S23 Plus,84990,89.0,"Dual Sim, 3G, 4G, 5G, VoLTE, Vo5G, Wi-Fi, NFC","Snapdragon 8 Gen2, Octa Core, 3.2 GHz Processor","8 GB RAM, 256 GB inbuilt",4700 mAh Battery with 45W Fast Charging,"6.6 inches, 1080 x 2340 px, 120 Hz Display with Punch Hole",50 MP + 12 MP + 10 MP Triple Rear & 12 MP Front Camera,Android v13,No FM Radio,Samsung
Xiaomi Redmi Note 13 Pro 5G,17990,78.0,"Dual Sim, 3G, 4G, 5G, VoLTE, Wi-Fi, NFC, IR Blaster","Dimensity 720, Octa Core, 2 GHz Processor","6 GB RAM, 128 GB inbuilt",5000 mAh Battery with 67W Fast Charging,"6.67 inches, 1080 x 2460 px, 120 Hz Display with Punch Hole",108 MP + 8 MP + 2 MP Triple Rear & 16 MP Front Camera,Android v12,Bluetooth,Xiaomi
Vivo S16,29990,85.0,"Dual Sim, 3G, 4G, 5G, VoLTE, Wi-Fi, NFC","Snapdragon 870, Octa Core, 3.2 GHz Processor","8 GB RAM, 128 GB inbuilt",4600 mAh Battery with 66W Fast Charging,"6.78 inches, 1080 x 2400 px, 120 Hz Display with Punch Hole",64 MP + 8 MP + 2 MP Triple Rear & 50 MP Front Camera,Android v13,No FM Radio,Vivo
Vivo S16 Pro,35499,86.0,"Dual Sim, 3G, 4G, 5G, VoLTE, Wi-Fi, NFC","Dimensity 8200, Octa Core, 3.1 GHz Processor","8 GB RAM, 256 GB inbuilt",4600 mAh Battery with 66W Fast Charging,"6.78 inches, 1080 x 2400 px, 120 Hz Display with Punch Hole",50 MP + 8 MP + 2 MP Triple Rear & 50 MP Front Camera,Android v13,No FM Radio,Vivo
OnePlus 10 Pro 5G,60999,89.0,"Dual Sim, 3G, 4G, 5G, VoLTE, Wi-Fi, NFC","Snapdragon  8 Gen1, Octa Core, 3 GHz Processor","8 GB RAM, 128 GB inbuilt",5000 mAh Battery with 80W Fast Charging,"6.7 inches, 1440 x 3216 px, 120 Hz Display with Punch Hole",50 MP + 48 MP + 8 MP Triple Rear & 32 MP Front Camera,Android v12,No FM Radio,OnePlus
Oppo Find N Fold,99990,78.25,"Dual Sim, 3G, 4G, 5G, VoLTE, Wi-Fi, NFC","Snapdragon  8+ Gen1, Octa Core, 3.2 GHz Processor","8 GB RAM, 256 GB inbuilt",5000 mAh Battery with 67W Fast Charging,"7.1 inches, 1792 x 1920 px, 120 Hz Display with Punch Hole","Foldable Display, Dual Display",64 MP + 10 MP + 8 MP Triple Rear & 32 MP Front Camera,Android v12,Oppo
OnePlus 10T,44999,85.0,"Dual Sim, 3G, 4G, 5G, VoLTE, Wi-Fi, NFC","Snapdragon 8+ Gen1, Octa Core, 3.2 GHz Processor","8 GB RAM, 128 GB inbuilt",4800 mAh Battery with 150W Fast Charging,"6.7 inches, 1080 x 2412 px, 120 Hz Display with Punch Hole",50 MP + 8 MP + 2 MP Triple Rear & 16 MP Front Camera,Android v12,No FM Radio,OnePlus
Motorola Edge 30 5G,22999,83.0,"Dual Sim, 3G, 4G, 5G, VoLTE, Wi-Fi, NFC","Snapdragon 778G+, Octa Core, 2.5 GHz Processor","6 GB RAM, 128 GB inbuilt",4020 mAh Battery with 33W Fast Charging,"6.5 inches, 1080 x 2400 px, 144 Hz Display with Punch Hole",50 MP + 50 MP + 2 MP Triple Rear & 32 MP Front Camera,Android v12,No FM Radio,Motorola
OnePlus Ace Racing Edition 5G,22990,83.0,"Dual Sim, 3G, 4G, 5G, VoLTE, Wi-Fi, NFC","Dimensity 8100 Max, Octa Core, 2.85 GHz Processor","8 GB RAM, 128 GB inbuilt",5000 mAh Battery with Fast Charging,"6.59 inches, 1080 x 2412 px, 120 Hz Display with Punch Hole",64 MP + 8 MP + 2 MP Triple Rear & 16 MP Front Camera,Android v12,No FM Radio,OnePlus
Vivo X90 Pro Plus 5G,73999,78.25,"Dual Sim, 3G, 4G, 5G, VoLTE, Wi-Fi, NFC, IR Blaster","Snapdragon 8 Gen2, Octa Core, 3.2 GHz Processor","12 GB RAM, 256 GB inbuilt",4700 mAh Battery with 80W Fast Charging,"6.78 inches, 1440 x 3200 px, 120 Hz Display with Punch Hole",50.3 MP Quad Rear & 32 MP Front Camera,Android v13,No FM Radio,Vivo
iQOO 11 5G,59999,88.0,"Dual Sim, 3G, 4G, 5G, VoLTE, Wi-Fi, NFC","Snapdragon 8 Gen2, Octa Core, 3.2 GHz Processor","8 GB RAM, 256 GB inbuilt",5000 mAh Battery with 120W Fast Charging,"6.78 inches, 1440 x 3200 px, 144 Hz Display with Punch Hole",50 MP + 13 MP + 8 MP Triple Rear & 16 MP Front Camera,Android v13,No FM Radio,iQOO
Vivo X Fold 5G,106990,78.25,"Dual Sim, 3G, 4G, 5G, VoLTE, Wi-Fi, NFC","Snapdragon 8 Gen1, Octa Core, 3 GHz Processor","12 GB RAM, 256 GB inbuilt",4600 mAh Battery with 66W Fast Charging,"8.03 inches, 1916 x 2160 px, 120 Hz Display",Foldable Display,50 MP Quad Rear & 16 MP Front Camera,Android v12,Vivo
Motorola Moto S30 Pro,23990,83.0,"Dual Sim, 3G, 4G, 5G, VoLTE, Wi-Fi","Snapdragon 888+, Octa Core, 2.9 GHz Processor","8 GB RAM, 128 GB inbuilt",4400 mAh Battery with 68W Fast Charging,"6.55 inches, 1080 x 2460 px, 144 Hz Display with Punch Hole",50 MP + 13 MP + 2 MP Triple Rear & 32 MP Front Camera,Android v12,No FM Radio,Motorola
Vivo V27 Pro,43999,87.0,"Dual Sim, 3G, 4G, 5G, VoLTE, Wi-Fi","Dimensity 9000 Plus, Octa Core, 3.2 GHz Processor","12 GB RAM, 256 GB inbuilt",5000 mAh Battery with 120W Fast Charging,"6.73 inches, 1080 x 2400 px, 144 Hz Display with Punch Hole",108 MP + 8 MP + 2 MP Triple Rear & 32 MP Front Camera,Android v13,No FM Radio,Vivo
Samsung Galaxy S22 5G,49999,86.0,"Dual Sim, 3G, 4G, 5G, VoLTE, Wi-Fi, NFC","Snapdragon  8 Gen1, Octa Core, 3 GHz Processor","8 GB RAM, 128 GB inbuilt",3700 mAh Battery with 25W Fast Charging,"6.1 inches, 1080 x 2340 px, 120 Hz Display with Punch Hole",50 MP + 12 MP + 10 MP Triple Rear & 10 MP Front Camera,Android v12,Bluetooth,Samsung
OnePlus 10R 5G (12GB RAM + 256GB),36999,87.0,"Dual Sim, 3G, 4G, 5G, VoLTE, Wi-Fi, NFC","Dimensity 8100 Max, Octa Core, 2.85 GHz Processor","12 GB RAM, 256 GB inbuilt",5000 mAh Battery with 80W Fast Charging,"6.7 inches, 1080 x 2412 px, 120 Hz Display with Punch Hole",50 MP + 8 MP + 2 MP Triple Rear & 16 MP Front Camera,Android v12,Bluetooth,OnePlus
Tecno Phantom X2,39999,85.0,"Dual Sim, 3G, 4G, 5G, VoLTE, Wi-Fi, NFC","Dimensity 9000, Octa Core, 3.05 GHz Processor","8 GB RAM, 256 GB inbuilt",5160 mAh Battery with 45W Fast Charging,"6.8 inches, 1080 x 2400 px, 120 Hz Display with Punch Hole",64 MP + 13 MP + 2 MP Triple Rear & 32 MP Front Camera,Android v12,No FM Radio,Tecno
Apple iPhone 12,51999,74.0,"Dual Sim, 3G, 4G, 5G, VoLTE, Wi-Fi, NFC","Bionic A14, Hexa Core, 3.1 GHz Processor","4 GB RAM, 64 GB inbuilt","6.1 inches, 1170 x 2532 px Display with Large Notch",12 MP + 12 MP Dual Rear & 12 MP Front Camera,Memory Card Not Supported,iOS v14,No FM Radio,Apple
Xiaomi Redmi K50i 5G,22999,82.0,"Dual Sim, 3G, 4G, 5G, VoLTE, Wi-Fi, IR Blaster","Dimensity  8100, Octa Core, 2.85 GHz Processor","6 GB RAM, 128 GB inbuilt",5080 mAh Battery with 67W Fast Charging,"6.6 inches, 1080 x 2460 px, 144 Hz Display with Punch Hole",64 MP + 8 MP + 2 MP Triple Rear & 16 MP Front Camera,Android v12,Bluetooth,Xiaomi
OPPO Reno8 5G,29340,83.0,"Dual Sim, 3G, 4G, 5G, VoLTE, Wi-Fi, NFC","Dimensity 1300, Octa Core, 3 GHz Processor","8 GB RAM, 128 GB inbuilt",4500 mAh Battery with 80W Fast Charging,"6.43 inches, 1080 x 2400 px, 90 Hz Display with Punch Hole",50 MP + 8 MP + 2 MP Triple Rear & 32 MP Front Camera,Android v12,No FM Radio,OPPO
Samsung Galaxy S23,70990,88.0,"Dual Sim, 3G, 4G, 5G, VoLTE, Vo5G, Wi-Fi, NFC","Snapdragon 8 Gen2, Octa Core, 3.2 GHz Processor","8 GB RAM, 128 GB inbuilt",3900 mAh Battery with 25W Fast Charging,"6.1 inches, 1080 x 2340 px, 120 Hz Display with Punch Hole",50 MP + 12 MP + 10 MP Triple Rear & 12 MP Front Camera,Android v13,No FM Radio,Samsung
Motorola Edge 30 Pro 5G,34999,89.0,"Dual Sim, 3G, 4G, 5G, VoLTE, Wi-Fi, NFC","Snapdragon 8 Gen1, Octa Core, 3 GHz Processor","8 GB RAM, 128 GB inbuilt",4800 mAh Battery with 68W Fast Charging,"6.7 inches, 1080 x 2400 px, 144 Hz Display with Punch Hole",50 MP + 50 MP + 2 MP Triple Rear & 60 MP Front Camera,Android v12,No FM Radio,Motorola
OnePlus Nord 2T (12GB RAM + 256GB),33900,85.0,"Dual Sim, 3G, 4G, 5G, VoLTE, Wi-Fi, NFC","Dimensity  1300, Octa Core, 3 GHz Processor","12 GB RAM, 256 GB inbuilt",4500 mAh Battery with 80W Fast Charging,"6.43 inches, 1080 x 2400 px, 90 Hz Display with Punch Hole",50 MP + 8 MP + 2 MP Triple Rear & 32 MP Front Camera,Android v12,No FM Radio,OnePlus
Nothing Phone 1 (8GB RAM + 256GB),28249,86.0,"Dual Sim, 3G, 4G, 5G, VoLTE, Wi-Fi, NFC","Snapdragon 778G Plus, Octa Core, 2.5 GHz Processor","8 GB RAM, 256 GB inbuilt",4500 mAh Battery with 33W Fast Charging,"6.55 inches, 1080 x 2400 px, 120 Hz Display with Punch Hole",50 MP + 50 MP Dual Rear & 16 MP Front Camera,Android v12,No FM Radio,Nothing
iQOO Neo 6 5G,28999,82.0,"Dual Sim, 3G, 4G, 5G, VoLTE, Wi-Fi, IR Blaster","Snapdragon 870, Octa Core, 3.2 GHz Processor","8 GB RAM, 128 GB inbuilt",4700 mAh Battery with 80W Fast Charging,"6.62 inches, 1080 x 2400 px, 120 Hz Display with Punch Hole",64 MP + 8 MP + 2 MP Triple Rear & 16 MP Front Camera,Android v12,No FM Radio,iQOO
OPPO Reno 9 Pro 5G,39999,86.0,"Dual Sim, 3G, 4G, 5G, VoLTE, Wi-Fi, NFC","Dimensity 8100 Max, Octa Core, 2.85 GHz Processor","16 GB RAM, 256 GB inbuilt",4500 mAh Battery with 67W Fast Charging,"6.7 inches, 1080 x 2412 px, 120 Hz Display with Punch Hole",50 MP + 8 MP Dual Rear & 32 MP Front Camera,Android v13,No FM Radio,OPPO
iQOO 7,24990,83.0,"Dual Sim, 3G, 4G, 5G, VoLTE, Wi-Fi, NFC","Snapdragon 870, Octa Core, 3.2 GHz Processor","8 GB RAM, 128 GB inbuilt",4400 mAh Battery with 66W Fast Charging,"6.62 inches, 1080 x 2400 px, 120 Hz Display with Punch Hole",48 MP + 13 MP + 2 MP Triple Rear & 16 MP Front Camera,Android v11,No FM Radio,iQOO
Apple iPhone 12 Mini,40999,74.0,"Dual Sim, 3G, 4G, 5G, VoLTE, Wi-Fi, NFC","Bionic A14, Hexa Core, 3.1 GHz Processor","4 GB RAM, 64 GB inbuilt","5.4 inches, 1080 x 2340 px Display",12 MP + 12 MP Dual Rear & 12 MP Front Camera,Memory Card Not Supported,iOS v14,No FM Radio,Apple
Nokia 2780 Flip,4990,78.25,"Dual Sim, 3G, 4G, Wi-Fi","Snapdragon QM215, Quad Core, 1.3 GHz Processor","4 GB RAM, 512 MB inbuilt",1450 mAh Battery,"2.7 inches, 240 x 320 px Display",Dual Display,5 MP Rear Camera,"Memory Card Supported, upto 32 GB",Nokia
Oppo Find N2 5G,94990,78.25,"Dual Sim, 3G, 4G, 5G, VoLTE, Wi-Fi, NFC","Snapdragon 8+ Gen1, Octa Core, 3.2 GHz Processor","12 GB RAM, 256 GB inbuilt",4520 mAh Battery with 67W Fast Charging,"7.1 inches, 1792 x 1920 px, 120 Hz Display with Punch Hole","Foldable Display, Dual Display",50 MP + 48 MP + 32 MP Triple Rear & 32 MP + 32 MP Dual Front Camera,Memory Card Not Supported,Oppo
Oppo Reno 10 Pro Plus,58990,88.0,"Dual Sim, 3G, 4G, 5G, VoLTE, Wi-Fi, NFC","Snapdragon 8 Gen2, Octa Core, 3.2 GHz Processor","12 GB RAM, 256 GB inbuilt",4700 mAh Battery with 80W Fast Charging,"6.73 inches, 1080 x 2412 px, 120 Hz Display with Punch Hole",64 MP Quad Rear & 32 MP Front Camera,Android v13,No FM Radio,Oppo
iQOO 9 SE 5G,30990,83.0,"Dual Sim, 3G, 4G, 5G, VoLTE, Wi-Fi, NFC","Snapdragon  888 , Octa Core, 2.84 GHz Processor","8 GB RAM, 128 GB inbuilt",4500 mAh Battery with 66W Fast Charging,"6.62 inches, 1080 x 2400 px, 120 Hz Display with Punch Hole",48 MP + 13 MP + 2 MP Triple Rear & 16 MP Front Camera,Android v12,No FM Radio,iQOO
Letv Y1 Pro,5499,78.25,"Dual Sim, 3G, 4G, VoLTE, Wi-Fi","Tiger T310, Quad Core, 2 GHz Processor","4 GB RAM, 32 GB inbuilt",4000 mAh Battery,"6.54 inches, 720 x 1560 px Display with Small Notch",8 MP + Depth Sensor Dual Rear & 5 MP Front Camera,Android v11,No FM Radio,Letv
Motorola Moto X40,39999,89.0,"Dual Sim, 3G, 4G, 5G, VoLTE, Wi-Fi, NFC","Snapdragon 8 Gen2, Octa Core, 3.2 GHz Processor","8 GB RAM, 128 GB inbuilt",4600 mAh Battery with 125W Fast Charging,"6.7 inches, 1080 x 2400 px, 165 Hz Display",50 MP + 50 MP + 12 MP Triple Rear & 60 MP Front Camera,Android v13,No FM Radio,Motorola
OnePlus Nord 3 5G,27999,84.0,"Dual Sim, 3G, 4G, 5G, VoLTE, Wi-Fi, NFC","Dimensity  8200, Octa Core, 3.1 GHz Processor","8 GB RAM, 128 GB inbuilt",4200 mAh Battery with 120W Fast Charging,"6.43 inches, 1080 x 2400 px, 90 Hz Display with Punch Hole",50 MP + 12 MP + 5 MP Triple Rear & 32 MP Front Camera,Android v11,No FM Radio,OnePlus
LeEco S1 Pro,10999,65.0,"Dual Sim, 3G, 4G, VoLTE, Wi-Fi","Tiger T7150, Quad Core, 1.8 GHz Processor","8 GB RAM, 128 GB inbuilt",5000 mAh Battery with 10W Fast Charging,"6.5 inches, 720 x 1600 px Display with Small Notch",13 MP + Depth Sensor Dual Rear & 5 MP Front Camera,Android v11,No FM Radio,LeEco
OPPO Reno 8 Pro House of Dragon Edition,45999,86.0,"Dual Sim, 3G, 4G, 5G, VoLTE, Wi-Fi, NFC","Dimensity 8100-Max, Octa Core, 2.85 GHz Processor","12 GB RAM, 256 GB inbuilt",4500 mAh Battery with 80W Fast Charging,"6.7 inches, 1080 x 2412 px, 120 Hz Display with Punch Hole",50 MP + 8 MP + 2 MP Triple Rear & 32 MP Front Camera,Android v12,No FM Radio,OPPO
Motorola Edge 30 Ultra,54999,78.25,"Dual Sim, 3G, 4G, 5G, VoLTE, Wi-Fi, NFC","Snapdragon 8+ Gen1, Octa Core, 3.2 GHz Processor","8 GB RAM, 128 GB inbuilt",4610 mAh Battery with 125W Fast Charging,"6.67 inches, 1080 x 2400 px, 144 Hz Display with Punch Hole",200 MP + 50 MP + 12 MP Triple Rear & 60 MP Front Camera,Android v12,No FM Radio,Motorola
Xiaomi 13 Ultra 5G,71999,78.25,"Dual Sim, 3G, 4G, 5G, VoLTE, Wi-Fi, NFC, IR Blaster","Snapdragon 8 Gen2, Octa Core, 3.2 GHz Processor","12 GB RAM, 256 GB inbuilt",5000 mAh Battery with 120W Fast Charging,"6.6 inches, 1440 x 3200 px, 120 Hz Display with Punch Hole",108 MP Quad Rear & 32 MP Front Camera,Android v12,No FM Radio,Xiaomi
Nothing Phone 1 (12GB RAM + 256GB),35999,87.0,"Dual Sim, 3G, 4G, 5G, VoLTE, Wi-Fi, NFC","Snapdragon 778G Plus, Octa Core, 2.5 GHz Processor","12 GB RAM, 256 GB inbuilt",4500 mAh Battery with 33W Fast Charging,"6.55 inches, 1080 x 2400 px, 120 Hz Display with Punch Hole",50 MP + 50 MP Dual Rear & 16 MP Front Camera,Android v12,No FM Radio,Nothing
Xiaomi Redmi Note 12 Pro (8GB RAM + 256GB),27994,82.0,"Dual Sim, 3G, 4G, 5G, VoLTE, Wi-Fi, IR Blaster","Dimensity 1080, Octa Core, 2.6 GHz Processor","8 GB RAM, 256 GB inbuilt",5000 mAh Battery with 67W Fast Charging,"6.67 inches, 1080 x 2400 px, 120 Hz Display with Punch Hole",50 MP + 8 MP + 2 MP Triple Rear & 16 MP Front Camera,Android v12,No FM Radio,Xiaomi
Vivo V25 Pro (12GB RAM + 256GB),39999,86.0,"Dual Sim, 3G, 4G, 5G, VoLTE, Wi-Fi","Dimensity 1300, Octa Core, 3 GHz Processor","12 GB RAM, 256 GB inbuilt",4830 mAh Battery with 66W Fast Charging,"6.56 inches, 1080 x 2376 px, 120 Hz Display with Punch Hole",64 MP + 8 MP + 2 MP Triple Rear & 32 MP Front Camera,Android v12,No FM Radio,Vivo
Honor X9a,27999,81.0,"Dual Sim, 3G, 4G, 5G, VoLTE, Wi-Fi, NFC, IR Blaster","Snapdragon 695, Octa Core, 2.2 GHz Processor","8 GB RAM, 256 GB inbuilt",5100 mAh Battery with 40W Fast Charging,"6.67 inches, 1080 x 2400 px, 120 Hz Display with Punch Hole",64 MP + 5 MP + 2 MP Triple Rear & 16 MP Front Camera,Android v12,No FM Radio,Honor
Google Pixel 7 Pro 5G,81999,78.25,"Dual Sim, 3G, 4G, 5G, VoLTE, Wi-Fi, NFC","Google  Tensor G2, Octa Core, 2.85 GHz Processor","12 GB RAM, 128 GB inbuilt",5000 mAh Battery with 30W Fast Charging,"6.7 inches, 1440 x 3120 px, 120 Hz Display with Punch Hole",50 MP + 48 MP + 12 MP Triple Rear & 10.8 MP Front Camera,Android v13,No FM Radio,Google
Xiaomi Redmi K60,29990,84.0,"Dual Sim, 3G, 4G, 5G, VoLTE, Wi-Fi, NFC, IR Blaster","Snapdragon  8+ Gen1, Octa Core, 3.2 GHz Processor","8 GB RAM, 128 GB inbuilt",5500 mAh Battery with 67W Fast Charging,"6.67 inches, 1440 x 3200 px, 120 Hz Display with Punch Hole",64 MP + 8 MP + 2 MP Triple Rear & 16 MP Front Camera,Android v13,No FM Radio,Xiaomi
Motorola Edge 30 5G (8GB RAM + 128GB),24999,85.0,"Dual Sim, 3G, 4G, 5G, VoLTE, Wi-Fi, NFC","Snapdragon 778G+, Octa Core, 2.5 GHz Processor","8 GB RAM, 128 GB inbuilt",4020 mAh Battery with 33W Fast Charging,"6.5 inches, 1080 x 2400 px, 144 Hz Display with Punch Hole",50 MP + 50 MP + 2 MP Triple Rear & 32 MP Front Camera,Android v12,No FM Radio,Motorola
Realme GT Neo 3T,24999,79.0,"Dual Sim, 3G, 4G, 5G, VoLTE, Wi-Fi","Snapdragon 870, Octa Core, 3.2 GHz Processor","6 GB RAM, 128 GB inbuilt",5000 mAh Battery with 80W Fast Charging,"6.62 inches, 1080 x 2400 px, 120 Hz Display with Punch Hole",64 MP + 8 MP + 2 MP Triple Rear & 16 MP Front Camera,Android v12,No FM Radio,Realme
OPPO Reno 8 Pro 5G,45999,86.0,"Dual Sim, 3G, 4G, 5G, VoLTE, Wi-Fi, NFC","Dimensity 8100-Max, Octa Core, 2.85 GHz Processor","12 GB RAM, 256 GB inbuilt",4500 mAh Battery with 80W Fast Charging,"6.7 inches, 1080 x 2412 px, 120 Hz Display with Punch Hole",50 MP + 8 MP + 2 MP Triple Rear & 32 MP Front Camera,Android v12,No FM Radio,OPPO
OnePlus 10 Pro 5G (12GB RAM + 256GB),65499,78.25,"Dual Sim, 3G, 4G, 5G, VoLTE, Wi-Fi, NFC","Snapdragon  8 Gen1, Octa Core, 3 GHz Processor","12 GB RAM, 256 GB inbuilt",5000 mAh Battery with 80W Fast Charging,"6.7 inches, 1440 x 3216 px, 120 Hz Display with Punch Hole",50 MP + 48 MP + 8 MP Triple Rear & 32 MP Front Camera,Android v12,No FM Radio,OnePlus
iQOO 11 Pro 5G,58990,89.0,"Dual Sim, 3G, 4G, 5G, VoLTE, Wi-Fi, NFC, IR Blaster","Snapdragon 8 Gen2, Octa Core, 3.2 GHz Processor","8 GB RAM, 256 GB inbuilt",4700 mAh Battery with 200W Fast Charging,"6.78 inches, 1440 x 3200 px, 144 Hz Display with Punch Hole",50 MP + 50 MP + 13 MP Triple Rear & 16 MP Front Camera,Android v13,No FM Radio,iQOO
Xiaomi Mix Fold 2 5G,106990,78.25,"Dual Sim, 3G, 4G, 5G, VoLTE, Wi-Fi, NFC, IR Blaster","Snapdragon  8+ Gen1 , Octa Core, 3.2 GHz Processor","12 GB RAM, 256 GB inbuilt",4500 mAh Battery with 67W Fast Charging,"8.02 inches, 1914 x 2160 px, 120 Hz Display with Punch Hole","Foldable Display, Dual Display",50 MP + 13 MP + 8 MP Triple Rear & 20 MP Front Camera,Android v12,Xiaomi
Google Pixel 7 5G,53100,86.0,"Dual Sim, 3G, 4G, 5G, VoLTE, Wi-Fi, NFC","Google Tensor G2, Octa Core, 2.85 GHz Processor","8 GB RAM, 128 GB inbuilt",4355 mAh Battery with 30W Fast Charging,"6.3 inches, 1080 x 2400 px, 90 Hz Display with Punch Hole",50 MP + 12 MP Dual Rear & 10.8 MP Front Camera,Android v13,No FM Radio,Google
Nubia Red Magic 8 Pro 5G,46990,84.0,"Dual Sim, 3G, 4G, 5G, VoLTE, Wi-Fi, NFC","Snapdragon 8 Gen2, Octa Core, 3.2 GHz Processor","8 GB RAM, 128 GB inbuilt",6000 mAh Battery with 80W Fast Charging,"6.8 inches, 1116 x 2480 px, 120 Hz Display",50 MP + 8 MP + 2 MP Triple Rear & 16 MP Front Camera,Android v13,No FM Radio,Nubia
Tecno Phantom X2 Pro,49999,89.0,"Dual Sim, 3G, 4G, 5G, VoLTE, Wi-Fi, NFC","Dimensity 9000, Octa Core, 3.05 GHz Processor","12 GB RAM, 256 GB inbuilt",5160 mAh Battery with 45W Fast Charging,"6.8 inches, 1080 x 2400 px, 120 Hz Display with Punch Hole",50 MP + 50 MP + 13 MP Triple Rear & 32 MP Front Camera,Android v12,Bluetooth,Tecno
Samsung Galaxy S22 Plus 5G,64449,87.0,"Dual Sim, 3G, 4G, 5G, VoLTE, Wi-Fi, NFC","Snapdragon  8 Gen1, Octa Core, 3 GHz Processor","8 GB RAM, 128 GB inbuilt",4500 mAh Battery with 45W Fast Charging,"6.6 inches, 1080 x 2340 px, 120 Hz Display with Punch Hole",50 MP + 12 MP + 10 MP Triple Rear & 10 MP Front Camera,Android v12,Bluetooth,Samsung
Vivo U3x,8990,71.0,"Dual Sim, 3G, 4G, 5G, VoLTE, Wi-Fi","Snapdragon  480 , Octa Core, 2 GHz Processor","6 GB RAM, 64 GB inbuilt",5000 mAh Battery with 18W Fast Charging,"6.58 inches, 1080 x 2408 px, 90 Hz Display with Water Drop Notch",13 MP + 2 MP Dual Rear & 8 MP Front Camera,Android v11,No FM Radio,Vivo
OnePlus Ace 2,34999,84.0,"Dual Sim, 3G, 4G, 5G, VoLTE, Wi-Fi, NFC","Snapdragon 8+ Gen1, Octa Core, 3.2 GHz Processor","8 GB RAM, 128 GB inbuilt",5000 mAh Battery with 100W Fast Charging,"6.7 inches, 1080 x 2412 px, 120 Hz Display with Punch Hole",50 MP + 8 MP + 2 MP Triple Rear & 16 MP Front Camera,Android v13,No FM Radio,OnePlus
Nothing Phone 2,39990,88.0,"Dual Sim, 3G, 4G, 5G, VoLTE, Wi-Fi, NFC","Snapdragon 8+ Gen1, Octa Core, 3.2 GHz Processor","8 GB RAM, 128 GB inbuilt",4700 mAh Battery with 66W Fast Charging,"6.67 inches, 1080 x 2400 px, 120 Hz Display with Punch Hole",50 MP + 50 MP + 50 MP Triple Rear & 32 MP Front Camera,Android v13,No FM Radio,Nothing
Nokia 2720 V Flip,6199,78.25,"Dual Sim, 3G, 4G, VoLTE, Wi-Fi","Snapdragon 205 , Dual Core, 1.1 GHz Processor","512 MB RAM, 4 GB inbuilt",1500 mAh Battery,"2.8 inches, 240 x 320 px Display",Dual Display,2 MP Rear Camera,Memory Card Supported,Nokia
Google Pixel 6 Pro,54300,89.0,"Dual Sim, 3G, 4G, 5G, VoLTE, Wi-Fi, NFC","Google  Tensor, Octa Core, 2.8 GHz Processor","12 GB RAM, 128 GB inbuilt",5003 mAh Battery with 30W Fast Charging,"6.71 inches, 1440 x 3120 px, 120 Hz Display with Punch Hole",50 MP + 48 MP + 12 MP Triple Rear & 11.1 MP Front Camera,Android v12,No FM Radio,Google
Xiaomi 12 Pro 5G,50990,89.0,"Dual Sim, 3G, 4G, 5G, VoLTE, Wi-Fi, NFC, IR Blaster","Snapdragon 8 Gen1, Octa Core, 3 GHz Processor","8 GB RAM, 256 GB inbuilt",4600 mAh Battery with 120W Fast Charging,"6.73 inches, 1440 x 3200 px, 120 Hz Display with Punch Hole",50 MP + 50 MP + 50 MP Triple Rear & 32 MP Front Camera,Android v12,No FM Radio,Xiaomi
Xiaomi Redmi Note 12 Pro (8GB RAM + 128GB),26999,82.0,"Dual Sim, 3G, 4G, 5G, VoLTE, Wi-Fi, IR Blaster","Dimensity 1080, Octa Core, 2.6 GHz Processor","8 GB RAM, 128 GB inbuilt",5000 mAh Battery with 67W Fast Charging,"6.67 inches, 1080 x 2400 px, 120 Hz Display with Punch Hole",50 MP + 8 MP + 2 MP Triple Rear & 16 MP Front Camera,Android v12,No FM Radio,Xiaomi
Motorola Edge 30 Ultra (12GB RAM + 256GB),59999,78.25,"Dual Sim, 3G, 4G, 5G, VoLTE, Wi-Fi, NFC","Snapdragon 8+ Gen1, Octa Core, 3.2 GHz Processor","12 GB RAM, 256 GB inbuilt",4610 mAh Battery with 125W Fast Charging,"6.67 inches, 1080 x 2400 px, 144 Hz Display with Punch Hole",200 MP + 50 MP + 12 MP Triple Rear & 60 MP Front Camera,Android v12,No FM Radio,Motorola
Xiaomi 13 5G,46990,89.0,"Dual Sim, 3G, 4G, 5G, VoLTE, Wi-Fi, NFC, IR Blaster","Snapdragon 8 Gen2, Octa Core, 3.2 GHz Processor","8 GB RAM, 128 GB inbuilt",4500 mAh Battery with 67W Fast Charging,"6.36 inches, 1080 x 2400 px, 120 Hz Display with Punch Hole",50 MP + 12 MP + 10 MP Triple Rear & 32 MP Front Camera,Android v13,No FM Radio,Xiaomi
Xiaomi Redmi K50i (8GB RAM + 256GB),25999,85.0,"Dual Sim, 3G, 4G, 5G, VoLTE, Wi-Fi, IR Blaster","Dimensity  8100, Octa Core, 2.85 GHz Processor","8 GB RAM, 256 GB inbuilt",5080 mAh Battery with 67W Fast Charging,"6.6 inches, 1080 x 2460 px, 144 Hz Display with Punch Hole",64 MP + 8 MP + 2 MP Triple Rear & 16 MP Front Camera,Android v12,Bluetooth,Xiaomi
Samsung Galaxy Z Flip 3,69999,84.0,"Single Sim, 3G, 4G, 5G, VoLTE, Wi-Fi, NFC","Snapdragon 888, Octa Core, 2.84 GHz Processor","8 GB RAM, 128 GB inbuilt",3300 mAh Battery with 15W Fast Charging,"6.7 inches, 1080 x 2640 px, 120 Hz Display with Punch Hole","Foldable Display, Dual Display",12 MP + 12 MP Dual Rear & 10 MP Front Camera,Memory Card Not Supported,Samsung
Apple iPhone 12 (128GB),55999,75.0,"Dual Sim, 3G, 4G, 5G, VoLTE, Wi-Fi, NFC","Bionic A14, Hexa Core, 3.1 GHz Processor","4 GB RAM, 128 GB inbuilt","6.1 inches, 1170 x 2532 px Display with Large Notch",12 MP + 12 MP Dual Rear & 12 MP Front Camera,Memory Card Not Supported,iOS v14,No FM Radio,Apple
OnePlus 10T (16GB RAM + 256GB),55999,87.0,"Dual Sim, 3G, 4G, 5G, VoLTE, Wi-Fi, NFC","Snapdragon 8+ Gen1, Octa Core, 3.2 GHz Processor","16 GB RAM, 256 GB inbuilt",4800 mAh Battery with 150W Fast Charging,"6.7 inches, 1080 x 2412 px, 120 Hz Display with Punch Hole",50 MP + 8 MP + 2 MP Triple Rear & 16 MP Front Camera,Android v12,No FM Radio,OnePlus
OnePlus 9RT 5G,42999,85.0,"Dual Sim, 3G, 4G, 5G, VoLTE, Wi-Fi, NFC","Snapdragon  888 , Octa Core, 2.84 GHz Processor","8 GB RAM, 128 GB inbuilt",4500 mAh Battery with Fast Charging,"6.62 inches, 1080 x 2400 px, 120 Hz Display with Punch Hole",50 MP + 16 MP + 2 MP Triple Rear & 16 MP Front Camera,Android v11,No FM Radio,OnePlus
Samsung Galaxy S22 Ultra 5G (12GB RAM + 512GB),118999,78.25,"Dual Sim, 3G, 4G, 5G, VoLTE, Wi-Fi, NFC","Snapdragon  8 Gen1, Octa Core, 3 GHz Processor","12 GB RAM, 512 GB inbuilt",5000 mAh Battery with 45W Fast Charging,"6.8 inches, 1440 x 3080 px, 120 Hz Display with Punch Hole",108 MP Quad Rear & 40 MP Front Camera,Android v12,Bluetooth,Samsung
Honor X9 5G,16999,80.0,"Dual Sim, 3G, 4G, 5G, VoLTE, Wi-Fi, NFC","Snapdragon 695, Octa Core, 2.2 GHz Processor","8 GB RAM, 128 GB inbuilt",4800 mAh Battery with 66W Fast Charging,"6.81 inches, 1080 x 2388 px Display",48 MP + 2 MP + 2 MP Triple Rear & 16 MP Front Camera,Android v11,Bluetooth,Honor
iQOO 11 (16GB RAM + 256GB),64999,89.0,"Dual Sim, 3G, 4G, 5G, VoLTE, Wi-Fi, NFC","Snapdragon 8 Gen2, Octa Core, 3.2 GHz Processor","16 GB RAM, 256 GB inbuilt",5000 mAh Battery with 120W Fast Charging,"6.78 inches, 1440 x 3200 px, 144 Hz Display with Punch Hole",50 MP + 13 MP + 8 MP Triple Rear & 16 MP Front Camera,Android v13,No FM Radio,iQOO
Samsung Galaxy Z Fold 4,154998,78.25,"Dual Sim, 3G, 4G, 5G, VoLTE, Wi-Fi, NFC","Snapdragon  8+ Gen1, Octa Core, 3.2 GHz Processor","12 GB RAM, 256 GB inbuilt",4400 mAh Battery with 25W Fast Charging,"7.6 inches, 1812 x 2176 px, 120 Hz Display with Punch Hole","Foldable Display, Dual Display",50 MP + 12 MP + 10 MP Triple Rear & 10 MP + 4 MP Dual Front Camera,Android v12,Samsung
Royole FlexPai 2,109999,87.0,"Dual Sim, 3G, 4G, 5G, VoLTE, Wi-Fi","Snapdragon 865, Octa Core, 2.84 GHz Processor","8 GB RAM, 128 GB inbuilt",4450 mAh Battery,"7.8 inches, 1440 x 1920 px Display","Foldable Display, Dual Display",64 MP + 16 MP + 8 MP Triple Rear & 32 MP Front Camera,"Memory Card Supported, upto 256 GB",Royole
Google Pixel 6,40480,84.0,"Dual Sim, 3G, 4G, 5G, VoLTE, Wi-Fi, NFC","Google Tensor, Octa Core, 2.8 GHz Processor","8 GB RAM, 128 GB inbuilt",4614 mAh Battery with 30W Fast Charging,"6.4 inches, 1080 x 2400 px, 90 Hz Display with Punch Hole",50 MP + 12 MP Dual Rear & 8 MP Front Camera,Android v12,No FM Radio,Google
Samsung Galaxy S21 Ultra,105999,78.25,"Dual Sim, 3G, 4G, 5G, VoLTE, Wi-Fi, NFC","Exynos  2100, Octa Core, 2.9 GHz Processor","12 GB RAM, 256 GB inbuilt",5000 mAh Battery with 25W Fast Charging,"6.8 inches, 1440 x 3200 px, 120 Hz Display with Punch Hole",108 MP Quad Rear & 40 MP Front Camera,Android v10,No FM Radio,Samsung
Poco F4 5G,25999,82.0,"Dual Sim, 3G, 4G, 5G, VoLTE, Wi-Fi, NFC","Snapdragon  870, Octa Core, 3.2 GHz Processor","6 GB RAM, 128 GB inbuilt",4500 mAh Battery with 67W Fast Charging,"6.67 inches, 1080 x 2400 px, 120 Hz Display with Punch Hole",64 MP + 8 MP + 2 MP Triple Rear & 20 MP Front Camera,Android v12,No FM Radio,Poco
Tecno Camon 19 Pro 5G,21999,82.0,"Dual Sim, 3G, 4G, 5G, VoLTE, Wi-Fi, NFC","Dimensity 810 5G, Octa Core, 2.4 GHz Processor","8 GB RAM, 128 GB inbuilt",5000 mAh Battery with 33W Fast Charging,"6.8 inches, 1080 x 2460 px, 120 Hz Display with Punch Hole",64 MP + 2 MP + 2 MP Triple Rear & 16 MP Front Camera,Android v12,Bluetooth,Tecno
Oppo Find X6 Pro,77990,78.25,"Dual Sim, 3G, 4G, 5G, VoLTE, Wi-Fi, NFC","Snapdragon 8 Gen2, Octa Core, 3.2 GHz Processor","12 GB RAM, 256 GB inbuilt",4700 mAh Battery with 120W Fast Charging,"6.78 inches, 1080 x 2400 px, 120 Hz Display with Punch Hole",50 MP + 50 MP + 50 MP Triple Rear & 32 MP Front Camera,Android v13,No FM Radio,Oppo
Xiaomi Redmi K60 Pro,38999,85.0,"Dual Sim, 3G, 4G, 5G, VoLTE, Wi-Fi, NFC, IR Blaster","Snapdragon 8 Gen2, Octa Core, 3.2 GHz Processor","8 GB RAM, 128 GB inbuilt",5000 mAh Battery with 120W Fast Charging,"6.67 inches, 1440 x 3200 px, 120 Hz Display with Punch Hole",54 MP + 8 MP + 2 MP Triple Rear & 16 MP Front Camera,Android v13,No FM Radio,Xiaomi
Poco F4 (12GB RAM + 256GB),29999,86.0,"Dual Sim, 3G, 4G, 5G, VoLTE, Wi-Fi, NFC","Snapdragon  870, Octa Core, 3.2 GHz Processor","12 GB RAM, 256 GB inbuilt",4500 mAh Battery with 67W Fast Charging,"6.67 inches, 1080 x 2400 px, 120 Hz Display with Punch Hole",64 MP + 8 MP + 2 MP Triple Rear & 20 MP Front Camera,Android v12,No FM Radio,Poco
Xiaomi 12T Pro 5G,59990,89.0,"Dual Sim, 3G, 4G, 5G, VoLTE, Wi-Fi, NFC, IR Blaster","Snapdragon  8+ Gen1, Octa Core, 3.2 GHz Processor","8 GB RAM, 128 GB inbuilt",5000 mAh Battery with 120W Fast Charging,"6.67 inches, 1220 x 2712 px, 120 Hz Display with Punch Hole",200 MP + 8 MP + 2 MP Triple Rear & 20 MP Front Camera,Android v12,No FM Radio,Xiaomi
iQOO 9 5G,34990,84.0,"Dual Sim, 3G, 4G, 5G, VoLTE, Wi-Fi","Snapdragon  888+, Octa Core, 2.9 GHz Processor","8 GB RAM, 128 GB inbuilt",4350 mAh Battery with 120W Fast Charging,"6.56 inches, 1080 x 2376 px, 120 Hz Display with Punch Hole",48 MP + 13 MP + 13 MP Triple Rear & 16 MP Front Camera,Android v12,No FM Radio,iQOO
Apple iPhone 12 Mini (128GB),45999,75.0,"Dual Sim, 3G, 4G, 5G, VoLTE, Wi-Fi, NFC","Bionic A14, Hexa Core, 3.1 GHz Processor","4 GB RAM, 128 GB inbuilt","5.4 inches, 1080 x 2340 px Display",12 MP + 12 MP Dual Rear & 12 MP Front Camera,Memory Card Not Supported,iOS v14,No FM Radio,Apple
OPPO Find N Flip,89990,88.0,"Single Sim, 3G, 4G, 5G, VoLTE, Wi-Fi, NFC","Dimensity 9000, Octa Core, 3.05 GHz Processor","8 GB RAM, 128 GB inbuilt",4300 mAh Battery with 44W Fast Charging,"6.8 inches, 1200 x 2400 px, 120 Hz Display with Punch Hole","Foldable Display, Dual Display",50 MP + 8 MP Dual Rear & 32 MP Front Camera,Memory Card Not Supported,OPPO
OnePlus 10T (12GB RAM + 256GB),50999,87.0,"Dual Sim, 3G, 4G, 5G, VoLTE, Wi-Fi, NFC","Snapdragon 8+ Gen1, Octa Core, 3.2 GHz Processor","12 GB RAM, 256 GB inbuilt",4800 mAh Battery with 150W Fast Charging,"6.7 inches, 1080 x 2412 px, 120 Hz Display with Punch Hole",50 MP + 8 MP + 2 MP Triple Rear & 16 MP Front Camera,Android v12,No FM Radio,OnePlus
Vivo V21 Pro,32999,85.0,"Dual Sim, 3G, 4G, 5G, VoLTE, Wi-Fi","Snapdragon 765G , Octa Core, 2.4 GHz Processor","8 GB RAM, 128 GB inbuilt",4300 mAh Battery with 33W Fast Charging,"6.44 inches, 1080 x 2400 px Display with Small Notch",64 MP Quad Rear & 44 MP + 8 MP Dual Front Camera,Android v11,No FM Radio,Vivo
Nokia 2660 Flip,4649,78.25,"Dual Sim, 3G, 4G",No Wifi,Unisoc T107,"48 MB RAM, 128 MB inbuilt",1450 mAh Battery,"2.8 inches, 240 x 320 px Display",Dual Display,0.3 MP Rear Camera,Nokia
Realme GT 2 5G,28994,84.0,"Dual Sim, 3G, 4G, 5G, VoLTE, Wi-Fi, NFC","Snapdragon  888 , Octa Core, 2.84 GHz Processor","8 GB RAM, 128 GB inbuilt",5000 mAh Battery with 65W Fast Charging,"6.62 inches, 1080 x 2400 px, 120 Hz Display with Punch Hole",50 MP + 8 MP + 2 MP Triple Rear & 16 MP Front Camera,Android v12,No FM Radio,Realme
Samsung Galaxy S21,48900,88.0,"Dual Sim, 3G, 4G, 5G, VoLTE, Wi-Fi, NFC","Exynos  2100, Octa Core, 2.9 GHz Processor","8 GB RAM, 128 GB inbuilt",4000 mAh Battery with 25W Fast Charging,"6.2 inches, 1080 x 2400 px, 120 Hz Display with Punch Hole",64 MP + 12 MP + 12 MP Triple Rear & 10 MP Front Camera,Android v10,No FM Radio,Samsung
Letv Y2 Pro,6999,78.25,"Dual Sim, 3G, 4G, VoLTE, Wi-Fi","Unisoc, Octa Core Processor","4 GB RAM, 32 GB inbuilt",4000 mAh Battery,"6.5 inches, 720 x 1560 px Display with Small Notch",13 MP + Depth Sensor + Ultra Wide Triple Rear & 8 MP Front Camera,Android v11,No FM Radio,Letv
OPPO Find N2 Flip,70990,88.0,"Single Sim, 3G, 4G, 5G, VoLTE, Wi-Fi, NFC","Dimensity 9000 Plus, Octa Core, 3.2 GHz Processor","8 GB RAM, 256 GB inbuilt",4300 mAh Battery with 44W Fast Charging,"6.8 inches, 1080 x 2520 px, 120 Hz Display with Punch Hole","Foldable Display, Dual Display",50 MP + 8 MP Dual Rear & 32 MP Front Camera,Memory Card Not Supported,OPPO
itel P36,6490,78.25,"Dual Sim, 3G, 4G, VoLTE, Wi-Fi","Spreadtrum  SC7731E, Quad Core, 1.3 GHz Processor","1 GB RAM, 16 GB inbuilt",5000 mAh Battery,"6.5 inches, 1600 x 720 px Display with Water Drop Notch",8 MP + 0.3 MP Dual Rear & 8 MP Front Camera,Android v9.0 (Pie),Bluetooth,itel
Realme GT Neo 5,34999,83.0,"Dual Sim, 3G, 4G, 5G, VoLTE, Wi-Fi, NFC","Snapdragon  8+ Gen1, Octa Core, 3.2 GHz Processor","8 GB RAM, 128 GB inbuilt",4600 mAh Battery with 240W Fast Charging,"6.7 inches, 1080 x 2412 px, 120 Hz Display with Punch Hole",50 MP + 8 MP + 2 MP Triple Rear & 16 MP Front Camera,Android v13,No FM Radio,Realme
Xiaomi Mi 11X,23890,80.0,"Dual Sim, 3G, 4G, 5G, VoLTE, Wi-Fi, IR Blaster","Snapdragon 870, Octa Core, 3.2 GHz Processor","6 GB RAM, 128 GB inbuilt",4520 mAh Battery with 33W Fast Charging,"6.67 inches, 1080 x 2400 px, 120 Hz Display with Punch Hole",48 MP + 8 MP + 5 MP Triple Rear & 20 MP Front Camera,Android v11,No FM Radio,Xiaomi
Motorola Moto X30 Pro,41990,78.25,"Dual Sim, 3G, 4G, 5G, VoLTE, Wi-Fi, NFC","Snapdragon 8+ Gen1, Octa Core, 3.2 GHz Processor","8 GB RAM, 128 GB inbuilt",4450 mAh Battery with 125W Fast Charging,"6.67 inches, 1080 x 2400 px, 144 Hz Display with Punch Hole",200 MP + 50 MP + 12 MP Triple Rear & 60 MP Front Camera,Android v12,No FM Radio,Motorola
Xiaomi 12S Ultra,69990,78.25,"Dual Sim, 3G, 4G, 5G, VoLTE, Wi-Fi, NFC, IR Blaster","Snapdragon 8+ Gen1, Octa Core, 3.2 GHz Processor","8 GB RAM, 256 GB inbuilt",4860 mAh Battery with 67W Fast Charging,"6.73 inches, 1440 x 3200 px, 120 Hz Display with Punch Hole",50 MP + 48 MP + 48 MP Triple Rear & 32 MP Front Camera,Android v12,No FM Radio,Xiaomi
Honor 70 5G,39990,88.0,"Dual Sim, 3G, 4G, 5G, VoLTE, Wi-Fi, NFC","Snapdragon  778G Plus, Octa Core, 2.5 GHz Processor","12 GB RAM, 512 GB inbuilt",4800 mAh Battery with 66W Fast Charging,"6.67 inches, 1080 x 2400 px, 120 Hz Display with Punch Hole",54 MP + 50 MP + 2 MP Triple Rear & 32 MP Front Camera,Android v12,No FM Radio,Honor
OnePlus 10 Pro 5G (12GB RAM + 512GB),74999,78.25,"Dual Sim, 3G, 4G, 5G, VoLTE, Wi-Fi, NFC","Snapdragon  8 Gen1, Octa Core, 3 GHz Processor","12 GB RAM, 512 GB inbuilt",5000 mAh Battery with 80W Fast Charging,"6.7 inches, 1440 x 3216 px, 120 Hz Display with Punch Hole",50 MP + 48 MP + 8 MP Triple Rear & 32 MP Front Camera,Android v12.1,No FM Radio,OnePlus
Xiaomi Mi 11T Pro 5G,34990,86.0,"Dual Sim, 3G, 4G, 5G, VoLTE, Wi-Fi, NFC, IR Blaster","Snapdragon  888 , Octa Core, 2.84 GHz Processor","8 GB RAM, 128 GB inbuilt",5000 mAh Battery with 120W Fast Charging,"6.67 inches, 1080 x 2400 px, 120 Hz Display with Punch Hole",108 MP + 8 MP + 5 MP Triple Rear & 16 MP Front Camera,Android v11,No FM Radio,Xiaomi
Poco F5,34990,85.0,"Dual Sim, 3G, 4G, 5G, VoLTE, Wi-Fi, NFC","Snapdragon 8+ Gen1, Octa Core, 3.2 GHz Processor","8 GB RAM, 128 GB inbuilt",4700 mAh Battery with 67W Fast Charging,"6.7 inches, 1080 x 2400 px, 120 Hz Display with Punch Hole",64 MP + 8 MP + 5 MP Triple Rear & 32 MP Front Camera,Android v12,No FM Radio,Poco
Apple iPhone SE 3 2022,43900,78.25,"Dual Sim, 3G, 4G, 5G, VoLTE, Wi-Fi, NFC","Bionic  A15, Hexa Core, 3.22 GHz Processor",64 GB inbuilt,"4.7 inches, 750 x 1334 px Display",12 MP Rear & 7 MP Front Camera,Memory Card Not Supported,iOS v15,No FM Radio,Apple
Apple iPhone 15 Pro,130990,75.0,"Dual Sim, 3G, 4G, 5G, VoLTE, Wi-Fi, NFC",Bionic  A16,"8 GB RAM, 128 GB inbuilt","6.06 inches, 1170 x 2532 px, 120 Hz Display with Punch Hole",50 MP + 12 MP + 12 MP Triple Rear & 12 MP Front Camera,Memory Card Not Supported,iOS v15,No FM Radio,Apple
Tecno Phantom X,25999,84.0,"Dual Sim, 3G, 4G, VoLTE, Wi-Fi","Helio G95, Octa Core, 2.05 GHz Processor","8 GB RAM, 256 GB inbuilt",4700 mAh Battery with 33W Fast Charging,"6.7 inches, 1080 x 2340 px, 90 Hz Display with Punch Hole",50 MP + 13 MP + 8 MP Triple Rear & 48 MP + 8 MP Dual Front Camera,Android v11,Bluetooth,Tecno
Asus ZenFone 9,63990,86.0,"Dual Sim, 3G, 4G, 5G, VoLTE, Wi-Fi, NFC","Snapdragon 8+ Gen1, Octa Core, 3.2 GHz Processor","8 GB RAM, 128 GB inbuilt",4300 mAh Battery with 30W Fast Charging,"5.9 inches, 1080 x 2400 px, 120 Hz Display with Punch Hole",50 MP + 12 MP Dual Rear & 12 MP Front Camera,Android v12,No FM Radio,Asus
iQOO 9 SE 5G (12GB RAM + 256GB),34949,85.0,"Dual Sim, 3G, 4G, 5G, VoLTE, Wi-Fi, NFC","Snapdragon  888 , Octa Core, 2.84 GHz Processor","12 GB RAM, 256 GB inbuilt",4500 mAh Battery with 66W Fast Charging,"6.62 inches, 1080 x 2400 px, 120 Hz Display with Punch Hole",48 MP + 13 MP + 2 MP Triple Rear & 16 MP Front Camera,Android v12,No FM Radio,iQOO
OPPO Reno 10 Pro,42990,86.0,"Dual Sim, 3G, 4G, 5G, VoLTE, Wi-Fi, NFC","Dimensity 9000, Octa Core, 3.05 GHz Processor","16 GB RAM, 256 GB inbuilt",5000 mAh Battery with 120W Fast Charging,"6.73 inches, 1080 x 2412 px, 120 Hz Display with Punch Hole",50 MP + 8 MP Dual Rear & 32 MP Front Camera,Android v13,No FM Radio,OPPO
Nubia Z50,34999,82.0,"Dual Sim, 3G, 4G, 5G, VoLTE, Wi-Fi, NFC","Snapdragon  8 Gen2, Octa Core, 3.2 GHz Processor","8 GB RAM, 128 GB inbuilt",5000 mAh Battery with 80W Fast Charging,"6.67 inches, 1080 x 2400 px, 144 Hz Display with Punch Hole",64 MP + 50 MP Triple Rear & 16 MP Front Camera,Android v13,No FM Radio,Nubia
Nokia 110 4G,1762,78.25,"Dual Sim, 3G, 4G, VoLTE",No Wifi,"128 MB RAM, 48 MB inbuilt",1020 mAh Battery,"1.8 inches, 120 x 160 px Display",0.3 MP Rear Camera,"Memory Card Supported, upto 32 GB",Android v12,Nokia
Vivo X Fold Plus,113990,78.25,"Dual Sim, 3G, 4G, 5G, VoLTE, Wi-Fi, NFC","Snapdragon 8+ Gen1, Octa Core, 3.2 GHz Processor","12 GB RAM, 256 GB inbuilt",4730 mAh Battery with 80W Fast Charging,"8.03 inches, 1916 x 2160 px, 120 Hz Display with Punch Hole","Foldable Display, Dual Display",50 MP Quad Rear & 16 MP + 16 MP Dual Front Camera,Android v12,Vivo
Nokia 8000 4G,6899,78.25,"Dual Sim, 3G, 4G, Wi-Fi","Snapdragon  210, Quad Core, 1.1 GHz Processor","512 MB RAM, 4 GB inbuilt",1500 mAh Battery,"2.8 inches, 240 x 320 px Display",2 MP Rear Camera,Memory Card Supported,Bluetooth,Nokia
Nubia Red Magic 7S Pro,60990,86.0,"Dual Sim, 3G, 4G, 5G, VoLTE, Wi-Fi, NFC","Snapdragon  8+ Gen1, Octa Core, 3.2 GHz Processor","12 GB RAM, 256 GB inbuilt",5000 mAh Battery with 135W Fast Charging,"6.8 inches, 1080 x 2400 px, 120 Hz Display",64 MP + 8 MP + 2 MP Triple Rear & 8 MP Front Camera,Android v12,No FM Radio,Nubia
iQOO Neo 6 5G (12GB RAM + 256GB),33749,84.0,"Dual Sim, 3G, 4G, 5G, VoLTE, Wi-Fi, IR Blaster","Snapdragon 870, Octa Core, 3.2 GHz Processor","12 GB RAM, 256 GB inbuilt",4700 mAh Battery with 80W Fast Charging,"6.62 inches, 1080 x 2400 px, 120 Hz Display with Punch Hole",64 MP + 8 MP + 2 MP Triple Rear & 16 MP Front Camera,Android v12,No FM Radio,iQOO
Honor 60 SE 5G,24990,75.0,"Dual Sim, 3G, 4G, 5G, VoLTE, Wi-Fi","Dimensity 900, Octa Core, 2 GHz Processor","8 GB RAM, 128 GB inbuilt",4300 mAh Battery with 66W Fast Charging,"6.67 inches, 1080 x 2340 px, 120 Hz Display with Punch Hole",64 MP + 8 MP + 2 MP Triple Rear & 16 MP Front Camera,Android v11,No FM Radio,Honor
Samsung Galaxy Z Flip 4 5G,89999,88.0,"Dual Sim, 3G, 4G, 5G, VoLTE, Wi-Fi, NFC","Snapdragon  8+ Gen1, Octa Core, 3.2 GHz Processor","8 GB RAM, 128 GB inbuilt",3700 mAh Battery with 25W Fast Charging,"6.7 inches, 1080 x 2640 px, 120 Hz Display with Punch Hole","Foldable Display, Dual Display",12 MP + 12 MP Dual Rear & 10 MP Front Camera,Memory Card Not Supported,Samsung
Honor 70 5G (8GB RAM + 256GB),30990,86.0,"Dual Sim, 3G, 4G, 5G, VoLTE, Wi-Fi, NFC","Snapdragon  778G Plus, Octa Core, 2.5 GHz Processor","8 GB RAM, 256 GB inbuilt",4800 mAh Battery with 66W Fast Charging,"6.67 inches, 1080 x 2400 px, 120 Hz Display with Punch Hole",54 MP + 50 MP + 2 MP Triple Rear & 32 MP Front Camera,Android v12,No FM Radio,Honor
Google Pixel 5,36000,82.0,"Dual Sim, 3G, 4G, 5G, VoLTE, Wi-Fi, NFC","Snapdragon 765G , Octa Core, 2.4 GHz Processor","8 GB RAM, 128 GB inbuilt",4080 mAh Battery with 18W Fast Charging,"6 inches, 1080 x 2340 px, 90 Hz Display with Punch Hole",16 MP + 12.2 MP Dual Rear & 8 MP Front Camera,Android v11,Bluetooth,Google
OnePlus 12 Pro,69999,78.25,"Dual Sim, 3G, 4G, 5G, VoLTE, Vo5G, Wi-Fi, NFC","Snapdragon  8 Gen2, Octa Core, 3.2 GHz Processor","12 GB RAM, 256 GB inbuilt",4800 mAh Battery with 150W Fast Charging,"6.73 inches, 1440 x 3412 px, 144 Hz Display with Punch Hole",108 MP + 50 MP + 48 MP Triple Rear & 32 MP Front Camera,Android v13,No FM Radio,OnePlus
Oppo Reno 8 Pro (8GB RAM + 256GB),42990,85.0,"Dual Sim, 3G, 4G, 5G, VoLTE, Wi-Fi, NFC","Dimensity 8100-Max, Octa Core, 2.85 GHz Processor","8 GB RAM, 256 GB inbuilt",4500 mAh Battery with 80W Fast Charging,"6.7 inches, 1080 x 2412 px, 120 Hz Display with Punch Hole",50 MP + 8 MP + 2 MP Triple Rear & 32 MP Front Camera,Android v12,No FM Radio,Oppo
Motorola Moto Edge S30 5G,23990,85.0,"Dual Sim, 3G, 4G, 5G, VoLTE, Wi-Fi","Snapdragon 888+ , Octa Core, 2.9 GHz Processor","6 GB RAM, 128 GB inbuilt",5000 mAh Battery with 33W Fast Charging,"6.8 inches, 1080 x 2460 px, 144 Hz Display with Punch Hole",108 MP + 13 MP + 2 MP Triple Rear & 16 MP Front Camera,Android v11,No FM Radio,Motorola
Realme GT 2 Pro 5G,49959,89.0,"Dual Sim, 3G, 4G, 5G, VoLTE, Wi-Fi, NFC","Snapdragon 8 Gen1, Octa Core, 3 GHz Processor","8 GB RAM, 128 GB inbuilt",5000 mAh Battery with 65W Fast Charging,"6.7 inches, 1440 x 3216 px, 120 Hz Display with Punch Hole",50 MP + 50 MP + 2 MP Triple Rear & 32 MP Front Camera,Android v12,Bluetooth,Realme
Samsung Guru Music 2 Dual Sim,1949,78.25,Dual Sim,No Wifi,"Single Core, 208 MHz Processor",800 mAh Battery,"2 inches, 128 x 160 px Display",No Rear Camera,"Memory Card Supported, upto 16 GB",Android v12,Samsung
Itel MagicX Pro,2799,78.25,"Dual Sim, 3G, 4G, VoLTE, Wi-Fi",1 GHz Processor,"64 MB RAM, 128 MB inbuilt",2500 mAh Battery,"2.4 inches, 320 x 240 px Display",0.3 MP Rear Camera,"Memory Card Supported, upto 64 GB",Bluetooth,Itel
OnePlus 10R Prime Edition,35389,85.0,"Dual Sim, 3G, 4G, 5G, VoLTE, Wi-Fi, NFC","Dimensity 8100 Max, Octa Core, 2.85 GHz Processor","8 GB RAM, 128 GB inbuilt",5000 mAh Battery with 80W Fast Charging,"6.7 inches, 1080 x 2412 px, 120 Hz Display with Punch Hole",50 MP + 8 MP + 2 MP Triple Rear & 16 MP Front Camera,Android v12,Bluetooth,OnePlus
Google Pixel 6 Pro (12GB RAM + 256GB),79700,78.25,"Dual Sim, 3G, 4G, 5G, VoLTE, Wi-Fi, NFC","Google  Tensor, Octa Core, 2.8 GHz Processor","12 GB RAM, 256 GB inbuilt",5003 mAh Battery with 30W Fast Charging,"6.71 inches, 1440 x 3120 px, 120 Hz Display with Punch Hole",50 MP + 48 MP + 12 MP Triple Rear & 11.1 MP Front Camera,Android v12,No FM Radio,Google
ZTE Axon 40 Ultra 5G,61990,89.0,"Dual Sim, 3G, 4G, 5G, VoLTE, Wi-Fi, NFC","Snapdragon 8 Gen1, Octa Core, 3 GHz Processor","8 GB RAM, 128 GB inbuilt",5000 mAh Battery with 65W Fast Charging,"6.8 inches, 1116 x 2480 px, 120 Hz Display",64 MP + 64 MP + 64 MP Triple Rear & 16 MP Front Camera,Android v12,No FM Radio,ZTE
Xiaomi 12 Pro 5G (12GB RAM + 256GB),51880,78.25,"Dual Sim, 3G, 4G, 5G, VoLTE, Wi-Fi, NFC, IR Blaster","Snapdragon 8 Gen1, Octa Core, 3 GHz Processor","12 GB RAM, 256 GB inbuilt",4600 mAh Battery with 120W Fast Charging,"6.73 inches, 1440 x 3200 px, 120 Hz Display with Punch Hole",50 MP + 50 MP + 50 MP Triple Rear & 32 MP Front Camera,Android v12,No FM Radio,Xiaomi
Samsung Galaxy S22 5G (8GB RAM + 256GB),57999,87.0,"Dual Sim, 3G, 4G, 5G, VoLTE, Wi-Fi, NFC","Snapdragon  8 Gen1, Octa Core, 3 GHz Processor","8 GB RAM, 256 GB inbuilt",3700 mAh Battery with 25W Fast Charging,"6.1 inches, 1080 x 2340 px, 120 Hz Display with Punch Hole",50 MP + 12 MP + 10 MP Triple Rear & 10 MP Front Camera,Android v12,Bluetooth,Samsung
Lenovo Legion Y90,46990,87.0,"Dual Sim, 3G, 4G, 5G, VoLTE, Wi-Fi, NFC","Snapdragon  8 Gen1, Octa Core, 3 GHz Processor","12 GB RAM, 256 GB inbuilt",5600 mAh Battery with 68W Fast Charging,"6.92 inches, 1080 x 2460 px, 144 Hz Display",64 MP + 13 MP Dual Rear & 16 MP Front Camera,Android v12,No FM Radio,Lenovo
itel Magic 2 4G,2399,78.25,"Dual Sim, 3G, 4G, VoLTE, Wi-Fi",No 3G,T117,"64 MB RAM, 128 MB inbuilt",1900 mAh Battery,"2.4 inches, 240 x 320 px Display",1.3 MP Rear Camera,"Memory Card Supported, upto 64 GB",itel
iQOO 7 (12GB RAM + 256GB),35990,85.0,"Dual Sim, 3G, 4G, 5G, VoLTE, Wi-Fi, NFC","Snapdragon 870, Octa Core, 3.2 GHz Processor","12 GB RAM, 256 GB inbuilt",4400 mAh Battery with 66W Fast Charging,"6.62 inches, 1080 x 2400 px, 120 Hz Display with Punch Hole",48 MP + 13 MP + 2 MP Triple Rear & 16 MP Front Camera,Android v11,No FM Radio,iQOO
Xiaomi Redmi K60E,25999,83.0,"Dual Sim, 3G, 4G, 5G, VoLTE, Wi-Fi, NFC, IR Blaster","Dimensity 8200, Octa Core, 3.1 GHz Processor","8 GB RAM, 128 GB inbuilt",5500 mAh Battery with 67W Fast Charging,"6.67 inches, 1440 x 3200 px, 120 Hz Display with Punch Hole",48 MP + 8 MP + 2 MP Triple Rear & 20 MP Front Camera,Android v12,No FM Radio,Xiaomi
OnePlus Nord 3T 5G,29990,84.0,"Dual Sim, 3G, 4G, 5G, VoLTE, Wi-Fi, NFC","Dimensity  1300, Octa Core, 3 GHz Processor","8 GB RAM, 128 GB inbuilt",4500 mAh Battery with 80W Fast Charging,"6.43 inches, 1080 x 2400 px, 90 Hz Display with Punch Hole",50 MP + 8 MP + 2 MP Triple Rear & 32 MP Front Camera,Android v12,No FM Radio,OnePlus
Poco F5 Pro,29999,84.0,"Dual Sim, 3G, 4G, 5G, VoLTE, Wi-Fi, NFC, IR Blaster","Snapdragon  8+ Gen1, Octa Core, 3.2 GHz Processor","8 GB RAM, 128 GB inbuilt",5500 mAh Battery with 67W Fast Charging,"6.67 inches, 1440 x 3200 px, 120 Hz Display with Punch Hole",64 MP + 8 MP + 2 MP Triple Rear & 16 MP Front Camera,Android v13,No FM Radio,Poco
Asus ROG Phone 5s 5G,39999,87.0,"Dual Sim, 3G, 4G, 5G, VoLTE, Wi-Fi, NFC","Snapdragon  888+, Octa Core, 2.9 GHz Processor","8 GB RAM, 128 GB inbuilt",6000 mAh Battery with 65W Fast Charging,"6.78 inches, 1080 x 2448 px, 144 Hz Display",64 MP + 13 MP + 5 MP Triple Rear & 24 MP Front Camera,Android v11,No FM Radio,Asus
Realme GT Master Edition 5G,27999,84.0,"Dual Sim, 3G, 4G, 5G, VoLTE, Wi-Fi, NFC","Snapdragon  778G , Octa Core, 2.4 GHz Processor","8 GB RAM, 128 GB inbuilt",4300 mAh Battery with 65W Fast Charging,"6.43 inches, 1080 x 2400 px, 120 Hz Display with Punch Hole",64 MP + 8 MP + 2 MP Triple Rear & 32 MP Front Camera,Android v11,No FM Radio,Realme
Nubia Red Magic 8 Pro Plus,60999,86.0,"Dual Sim, 3G, 4G, 5G, VoLTE, Wi-Fi, NFC","Snapdragon 8 Gen2, Octa Core, 3.2 GHz Processor","12 GB RAM, 256 GB inbuilt",5000 mAh Battery with 165W Fast Charging,"6.8 inches, 1116 x 2480 px, 120 Hz Display",50 MP + 8 MP + 2 MP Triple Rear & 16 MP Front Camera,Android v13,No FM Radio,Nubia
Samsung Galaxy Z Fold 3,110999,89.0,"Dual Sim, 3G, 4G, 5G, VoLTE, Wi-Fi, NFC","Snapdragon 888, Octa Core, 2.84 GHz Processor","12 GB RAM, 256 GB inbuilt",4400 mAh Battery with 25W Fast Charging,"7.6 inches, 1768 x 2208 px, 120 Hz Display with Punch Hole","Foldable Display, Dual Display",12 MP + 12 MP + 12 MP Triple Rear & 10 MP + 4 MP Dual Front Camera,Android v11,Samsung
LG Wing 5G,54999,89.0,"Dual Sim, 3G, 4G, 5G, VoLTE, Wi-Fi, NFC","Snapdragon  765G , Octa Core, 2.4 GHz Processor","8 GB RAM, 128 GB inbuilt",4000 mAh Battery with Fast Charging,"6.8 inches, 1080 x 2460 px Display",Dual Display,64 MP + 13 MP + 12 MP Triple Rear & 32 MP Front Camera,"Memory Card (Hybrid), upto 2 TB",LG
Nokia 105 (2019),1299,78.25,Single Sim,No Wifi,"4 MB RAM, 4 MB inbuilt",800 mAh Battery,"1.77 inches, 120 x 160 px Display",No Rear Camera,No Memory Card Supported,Android v12,Nokia
OPPO Reno 10,32999,84.0,"Dual Sim, 3G, 4G, 5G, VoLTE, Wi-Fi, NFC","Snapdragon 778G Plus, Octa Core, 2.5 GHz Processor","8 GB RAM, 256 GB inbuilt",5000 mAh Battery with 120W Fast Charging,"6.73 inches, 1080 x 2412 px, 120 Hz Display with Punch Hole",50 MP + 8 MP + 2 MP Triple Rear & 32 MP Front Camera,Android v13,No FM Radio,OPPO
Nokia 8210 4G,3749,78.25,"Dual Sim, 3G, 4G",No Wifi,Unisoc T107,"48 MB RAM, 128 MB inbuilt",1450 mAh Battery,"2.8 inches, 240 x 320 px Display",0.3 MP Rear Camera,"Memory Card Supported, upto 32 GB",Nokia
Motorola Edge 40 Pro 5G,59990,89.0,"Dual Sim, 3G, 4G, 5G, VoLTE, Wi-Fi, NFC","Snapdragon 8 Gen2, Octa Core, 3.2 GHz Processor","8 GB RAM, 128 GB inbuilt",4800 mAh Battery with 125W Fast Charging,"6.7 inches, 1080 x 2460 px, 165 Hz Display with Punch Hole",50 MP + 50 MP + 12 MP Triple Rear & 60 MP Front Camera,Android v12,No FM Radio,Motorola
Oppo K10x 5G,16990,78.0,"Dual Sim, 3G, 4G, 5G, VoLTE, Wi-Fi","Snapdragon 695, Octa Core, 2.2 GHz Processor","6 GB RAM, 128 GB inbuilt",5000 mAh Battery with 67W Fast Charging,"6.59 inches, 1080 x 2412 px, 120 Hz Display with Punch Hole",64 MP + 8 MP + 2 MP Triple Rear & 16 MP Front Camera,Android v12,No FM Radio,Oppo
Realme GT Neo 3 5G,31994,83.0,"Dual Sim, 3G, 4G, 5G, VoLTE, Wi-Fi, NFC","Dimensity  8100, Octa Core, 2.85 GHz Processor","8 GB RAM, 128 GB inbuilt",5000 mAh Battery with 80W Fast Charging,"6.7 inches, 1080 x 2412 px, 120 Hz Display with Punch Hole",50 MP + 8 MP + 2 MP Triple Rear & 16 MP Front Camera,Android v12,No FM Radio,Realme
iQOO 9 Pro 5G,59990,88.0,"Dual Sim, 3G, 4G, 5G, VoLTE, Wi-Fi, NFC","Snapdragon 8 Gen1, Octa Core, 3 GHz Processor","8 GB RAM, 256 GB inbuilt",4700 mAh Battery with 120W Fast Charging,"6.78 inches, 1440 x 3200 px, 120 Hz Display with Punch Hole",50 MP + 50 MP + 16 MP Triple Rear & 16 MP Front Camera,Android v12,No FM Radio,iQOO
Apple iPhone 7s,52990,78.25,"Single Sim, 3G, 4G, VoLTE, Wi-Fi","Fusion APL1024, Quad Core, 2.37 GHz Processor","3 GB RAM, 32 GB inbuilt",2230 mAh Battery,"4.7 inches, 750 x 1334 px Display",13 MP Rear & 7 MP Front Camera,iOS v10,No FM Radio,Apple
Namotel Achhe Din,99,78.25,"Dual Sim, 3G, Wi-Fi","1 GB RAM, 4 GB inbuilt",1325 mAh Battery,"4 inches, 720 x 1280 px Display",2 MP Rear & 0.3 MP Front Camera,Android v5.0 (Lollipop),Bluetooth,Android v12,Namotel
Eunity U1 5605N,699,78.25,Dual Sim,No 3G,"Dual Core, 500 MHz Processor","32 MB RAM, 32 MB inbuilt",3000 mAh Battery,"1.8 inches, 128 x 160 px Display",0.3 MP Rear Camera,"Memory Card Supported, upto 16 GB",Eunity
Oukitel WP21,22990,82.0,"Dual Sim, 3G, 4G, VoLTE, Wi-Fi","Helio G99, Octa Core, 2.2 GHz Processor","12 GB RAM, 256 GB inbuilt",9800 mAh Battery with 66W Fast Charging,"6.78 inches, 1080 x 2400 px, 120 Hz Display",Dual Display,64 MP + 20 MP + 2 MP Triple Rear & Main Front Camera,Memory Card (Hybrid),Oukitel
Poco F4 5G (8GB RAM + 128GB),27999,85.0,"Dual Sim, 3G, 4G, 5G, VoLTE, Wi-Fi, NFC","Snapdragon  870, Octa Core, 3.2 GHz Processor","8 GB RAM, 128 GB inbuilt",4500 mAh Battery with 67W Fast Charging,"6.67 inches, 1080 x 2400 px, 120 Hz Display with Punch Hole",64 MP + 8 MP + 2 MP Triple Rear & 20 MP Front Camera,Android v12,No FM Radio,Poco
Nokia 225 4G,3589,78.25,"Dual Sim, 3G, 4G, VoLTE",Unisoc T117,"64 MB RAM, 128 MB inbuilt",1150 mAh Battery,"2.4 inches, 240 x 320 px Display",0.3 MP Rear Camera,"Memory Card Supported, upto 32 GB",RTOS (Series 30+),Nokia
Apple iPhone 12 Pro (512GB),139900,80.0,"Dual Sim, 3G, 4G, 5G, VoLTE, Wi-Fi, NFC","Bionic A14, Hexa Core, 3.1 GHz Processor","6 GB RAM, 512 GB inbuilt","6.1 inches, 1170 x 2532 px Display with Large Notch",12 MP + 12 MP + 12 MP Triple Rear & 12 MP Front Camera,Memory Card Not Supported,iOS v14.0,No FM Radio,Apple
Motorola Edge Plus,57999,89.0,"Single Sim, 3G, 4G, 5G, VoLTE, Wi-Fi, NFC","Snapdragon  865 , Octa Core, 2.84 GHz Processor","12 GB RAM, 256 GB inbuilt",5000 mAh Battery with 18W Fast Charging,"6.7 inches, 1080 x 2340 px, 90 Hz Display with Punch Hole",108 MP + 16 MP + 8 MP Triple Rear & 25 MP Front Camera,Android v10.0,No FM Radio,Motorola
Samsung Galaxy Note 20,86000,87.0,"Dual Sim, 3G, 4G, VoLTE, Wi-Fi, NFC","Exynos  990, Octa Core, 2.73 GHz Processor","8 GB RAM, 256 GB inbuilt",4300 mAh Battery with 25W Fast Charging,"6.7 inches, 1080 x 2400 px Display with Punch Hole",64 MP + 12 MP + 12 MP Triple Rear & 10 MP Front Camera,Android v10,No FM Radio,Samsung
Xiaomi Redmi Note 12 Pro 4G,14999,77.0,"Dual Sim, 3G, 4G, VoLTE, Wi-Fi, NFC, IR Blaster","Snapdragon 732G, Octa Core, 2.3 GHz Processor","6 GB RAM, 128 GB inbuilt",5000 mAh Battery with 67W Fast Charging,"6.67 inches, 1080 x 2400 px, 120 Hz Display with Punch Hole",50 MP + 8 MP + 2 MP Triple Rear & 16 MP Front Camera,Android v12,No FM Radio,Xiaomi
Realme GT Neo 3T (8GB RAM + 128GB),26499,81.0,"Dual Sim, 3G, 4G, 5G, VoLTE, Wi-Fi","Snapdragon 870, Octa Core, 3.2 GHz Processor","8 GB RAM, 128 GB inbuilt",5000 mAh Battery with 80W Fast Charging,"6.62 inches, 1080 x 2400 px, 120 Hz Display with Punch Hole",64 MP + 8 MP + 2 MP Triple Rear & 16 MP Front Camera,Android v12,No FM Radio,Realme
iQOO 9T 5G,47990,85.0,"Dual Sim, 3G, 4G, 5G, VoLTE, Wi-Fi, NFC, IR Blaster","Snapdragon  8+ Gen1, Octa Core, 3.2 GHz Processor","8 GB RAM, 128 GB inbuilt",4700 mAh Battery with 120W Fast Charging,"6.78 inches, 1080 x 2400 px, 120 Hz Display with Punch Hole",50 MP + 13 MP + 12 MP Triple Rear & 16 MP Front Camera,Android v12,No FM Radio,iQOO
Tecno Camon 19 Pro,17990,81.0,"Dual Sim, 3G, 4G, VoLTE, Wi-Fi","Helio  G96, Octa Core, 2.05 GHz Processor","8 GB RAM, 128 GB inbuilt",5000 mAh Battery with 33W Fast Charging,"6.8 inches, 1080 x 2460 px, 120 Hz Display with Punch Hole",64 MP + 50 MP + 2 MP Triple Rear & 32 MP Front Camera,Android v12,Bluetooth,Tecno
Nokia 105 Plus,1299,78.25,Dual Sim,"4 MB RAM, 4 MB inbuilt",800 mAh Battery,"1.77 inches, 128 x 160 px Display",No Rear Camera,"Memory Card Supported, upto 32 GB",Bluetooth,Android v12,Nokia
Samsung Galaxy S22 Ultra 5G (8GB RAM + 128GB),99990,78.25,"Dual Sim, 3G, 4G, 5G, VoLTE, Wi-Fi, NFC","Snapdragon  8 Gen1, Octa Core, 3 GHz Processor","8 GB RAM, 128 GB inbuilt",5000 mAh Battery with 45W Fast Charging,"6.8 inches, 1440 x 3080 px, 120 Hz Display with Punch Hole",108 MP Quad Rear & 40 MP Front Camera,Android v12,Bluetooth,Samsung
Xiaomi 11T Pro 5G (12GB RAM + 256GB),38999,88.0,"Dual Sim, 3G, 4G, 5G, VoLTE, Wi-Fi, NFC, IR Blaster","Snapdragon  888 , Octa Core, 2.84 GHz Processor","12 GB RAM, 256 GB inbuilt",5000 mAh Battery with 120W Fast Charging,"6.67 inches, 1080 x 2400 px, 120 Hz Display with Punch Hole",108 MP + 8 MP + 5 MP Triple Rear & 16 MP Front Camera,Android v11,No FM Radio,Xiaomi
Vivo Y10,12490,63.0,"Dual Sim, 3G, 4G, VoLTE, Wi-Fi","Helio P35, Octa Core, 2.3 GHz Processor","4 GB RAM, 128 GB inbuilt",5000 mAh Battery,"6.51 inches, 720 x 1600 px Display with Water Drop Notch",13 MP + 2 MP Dual Rear & 8 MP Front Camera,Android v11,Bluetooth,Vivo
Nokia 2760 Flip,5490,78.25,"Dual Sim, 3G, 4G, Wi-Fi",1450 mAh Battery,"3.6 inches, 240 x 320 px Display",5 MP Rear & 5 MP Front Camera,"Memory Card Supported, upto 32 GB",Kaios v3.0,Bluetooth,Android v12,Nokia
Motorola Moto A10,1339,78.25,Dual Sim,"4 MB RAM, 4 MB inbuilt",1750 mAh Battery,"1.8 inches, 160 x 128 px Display",No Rear Camera,"Memory Card Supported, upto 32 GB","Memory Card Supported, upto 32 GB",Android v12,Motorola
Realme X7 Max,26999,84.0,"Dual Sim, 3G, 4G, 5G, VoLTE, Wi-Fi, NFC","Dimensity 1200, Octa Core, 3 GHz Processor","8 GB RAM, 128 GB inbuilt",4500 mAh Battery with 50W Fast Charging,"6.43 inches, 1080 x 2400 px, 120 Hz Display with Punch Hole",64 MP + 8 MP + 2 MP Triple Rear & 16 MP Front Camera,Android v11,No FM Radio,Realme
Apple iPhone SE 2020,39900,63.0,"Dual Sim, 3G, 4G, VoLTE, Wi-Fi, NFC","A13 Bionic, Hexa Core, 2.65 GHz Processor","3 GB RAM, 64 GB inbuilt",1821 mAh Battery with 18W Fast Charging,"4.7 inches, 750 x 1334 px Display",12 MP Rear & 7 MP Front Camera,iOS v13,No FM Radio,Apple
Zanco Tiny T1,2799,78.25,Single Sim,"32 MB RAM, 32 MB inbuilt",200 mAh Battery,"0.49 inches, 64 x 32 px Display",No Rear Camera,No FM Radio,Bluetooth,Android v12,Zanco
Letv Y1 Pro Plus,5999,60.0,"Dual Sim, 3G, 4G, VoLTE, Wi-Fi","Tiger T610, Quad Core, 1.8 GHz Processor","6 GB RAM, 64 GB inbuilt",4000 mAh Battery with 10W Fast Charging,"6.5 inches, 720 x 1560 px Display with Small Notch",8 MP + Depth Sensor Dual Rear & 5 MP Front Camera,Android v11,No FM Radio,Letv
OnePlus Nord 5,34999,76.0,"Dual Sim, 3G, 4G, 5G, VoLTE, Wi-Fi, NFC","Dimensity  9200, Octa Core Processor","8 GB RAM, 128 GB inbuilt",5000 mAh Battery with 120W Fast Charging,"6.57 inches, 1080 x 2400 px, 120 Hz Display with Punch Hole",64 MP + 12 MP + 5 MP Triple Rear & 32 MP Front Camera,Android v13,No FM Radio,OnePlus
itel it2163S,958,78.25,Dual Sim,"4 MB RAM, 4 MB inbuilt",1200 mAh Battery,"1.8 inches, 160 x 128 px Display",No Rear Camera,"Memory Card Supported, upto 32 GB",Bluetooth,Android v12,itel
Honor Magic 4 Pro Plus 5G,94990,78.25,"Dual Sim, 3G, 4G, 5G, VoLTE, Wi-Fi, NFC","Snapdragon  8 Gen1, Octa Core, 3 GHz Processor","12 GB RAM, 512 GB inbuilt",4600 mAh Battery with 120W Fast Charging,"6.76 inches, 1344 x 2772 px, 120 Hz Display with Punch Hole",50 MP Quad Rear & 13 MP Dual Front Camera,Android v12,No FM Radio,Honor
Xiaomi Mi 11X 5G (8GB RAM + 128GB),25990,83.0,"Dual Sim, 3G, 4G, 5G, VoLTE, Wi-Fi, IR Blaster","Snapdragon 870, Octa Core, 3.2 GHz Processor","8 GB RAM, 128 GB inbuilt",4520 mAh Battery with 33W Fast Charging,"6.67 inches, 1080 x 2400 px, 120 Hz Display with Punch Hole",48 MP + 8 MP + 5 MP Triple Rear & 20 MP Front Camera,Android v11,No FM Radio,Xiaomi
Xiaomi Mi 10T 5G,23500,80.0,"Dual Sim, 3G, 4G, 5G, VoLTE, Wi-Fi, NFC","Snapdragon 865, Octa Core, 2.84 GHz Processor","6 GB RAM, 128 GB inbuilt",5000 mAh Battery with 33W Fast Charging,"6.67 inches, 2400 x 1080 px, 144 Hz Display with Punch Hole",64 MP + 13 MP + 5 MP Triple Rear & 20 MP Front Camera,Android v10,No FM Radio,Xiaomi
LG V60 ThinQ,79990,78.25,"Dual Sim, 3G, 4G, 5G, VoLTE, Wi-Fi, NFC","Snapdragon  865, Octa Core, 2.84 GHz Processor","8 GB RAM, 128 GB inbuilt",5000 mAh Battery with Fast Charging,"6.8 inches, 1080 x 2460 px Display with Punch Hole",Dual Display,64 MP + 13 MP + 0.3 MP Triple Rear & 10 MP Front Camera,"Memory Card (Hybrid), upto 2 TB",LG
Xiaomi Qin 1,1799,78.25,"Dual Sim, Wi-Fi",Helio MT6260A,"8 MB RAM, 16 MB inbuilt",1480 mAh Battery,"2.8 inches, 240 x 320 px Display",No Rear Camera,Nucleus,No FM Radio,Xiaomi
iQOO Neo 7 Racing Edition,32990,84.0,"Dual Sim, 3G, 4G, 5G, VoLTE, Wi-Fi, NFC, IR Blaster","Snapdragon 8+ Gen1, Octa Core, 3.2 GHz Processor","8 GB RAM, 256 GB inbuilt",5000 mAh Battery with 120W Fast Charging,"6.78 inches, 1080 x 2400 px, 120 Hz Display with Punch Hole",50 MP + 8 MP + 2 MP Triple Rear & 16 MP Front Camera,Android v13,No FM Radio,iQOO
Samsung Guru GT-E1215,1850,78.25,Single Sim,800 mAh Battery,"1.5 inches, 120 x 120 px Display",No Rear Camera,No FM Radio,No Rear Camera,"Memory Card Supported, upto 16 GB",Android v12,Samsung
Nubia Z40 Pro 5G,49990,84.0,"Dual Sim, 3G, 4G, 5G, VoLTE, Wi-Fi, NFC","Snapdragon  8 Gen1, Octa Core, 3 GHz Processor","8 GB RAM, 128 GB inbuilt",5000 mAh Battery with 80W Fast Charging,"6.67 inches, 1080 x 2400 px, 144 Hz Display with Punch Hole",64 MP + 50 MP + 8 MP Triple Rear & 16 MP Front Camera,Android v12,No FM Radio,Nubia
Oppo Find N 5G,92249,78.25,"Dual Sim, 3G, 4G, 5G, VoLTE, Wi-Fi, NFC","Snapdragon  888, Octa Core, 2.84 GHz Processor","8 GB RAM, 256 GB inbuilt",4500 mAh Battery with 33W Fast Charging,"7.1 inches, 1792 x 1920 px, 120 Hz Display with Punch Hole","Foldable Display, Dual Display",50 MP + 16 MP + 13 MP Triple Rear & 32 MP Front Camera,Android v11,Oppo
OPPO X 2021,134999,86.0,"Single Sim, 3G, 4G, VoLTE, Wi-Fi","Snapdragon 865, Octa Core, 2.84 GHz Processor","8 GB RAM, 256 GB inbuilt",4000 mAh Battery with 45W Fast Charging,"7.4 inches, 1440 x 3200 px Display",Dual Display,64 MP + 16 MP + 12 MP Triple Rear & 16 MP Front Camera,Android v11,OPPO
Asus ROG Phone 6D Ultimate,107990,78.25,"Dual Sim, 3G, 4G, 5G, VoLTE, Wi-Fi, NFC","Dimensity 9000 Plus, Octa Core, 3.2 GHz Processor","16 GB RAM, 512 GB inbuilt",6000 mAh Battery with 65W Fast Charging,"6.78 inches, 1080 x 2448 px, 165 Hz Display",Dual Display,50 MP + 13 MP + 5 MP Triple Rear & 12 MP Front Camera,Memory Card Not Supported,Asus
Motorola Moto Edge 30 Neo,31990,84.0,"Dual Sim, 3G, 4G, 5G, VoLTE, Wi-Fi, NFC","Snapdragon 695, Octa Core, 2.2 GHz Processor","8 GB RAM, 128 GB inbuilt",4020 mAh Battery with 68W Fast Charging,"6.28 inches, 1080 x 2400 px, 120 Hz Display with Punch Hole",64 MP + 13 MP Dual Rear & 32 MP Front Camera,Android v12,No FM Radio,Motorola
Xiaomi 12T,48990,87.0,"Dual Sim, 3G, 4G, 5G, VoLTE, Wi-Fi, NFC, IR Blaster","Dimensity 8100 Ultra, Octa Core, 2.85 GHz Processor","8 GB RAM, 128 GB inbuilt",5000 mAh Battery with 120W Fast Charging,"6.67 inches, 1220 x 2712 px, 120 Hz Display with Punch Hole",108 MP + 8 MP + 2 MP Triple Rear & 20 MP Front Camera,Android v12,No FM Radio,Xiaomi
Huawei Mate Xs 2,162990,89.0,"Dual Sim, 3G, 4G, VoLTE, Wi-Fi, NFC, IR Blaster","Snapdragon 888, Octa Core, 2.84 GHz Processor","8 GB RAM, 512 GB inbuilt",4600 mAh Battery with 66W Fast Charging,"7.8 inches, 2200 x 2480 px, 120 Hz Display with Punch Hole",Foldable Display,50 MP + 13 MP + 8 MP Triple Rear & 10.7 MP Front Camera,"Memory Card (Hybrid), upto 256 GB",Huawei
Vivo X80 Pro Plus 5G,82990,78.25,"Dual Sim, 3G, 4G, 5G, VoLTE, Wi-Fi, NFC","Snapdragon 8+ Gen1, Octa Core, 3.2 GHz Processor","12 GB RAM, 256 GB inbuilt",4500 mAh Battery with 120W Fast Charging,"6.78 inches, 1440 x 3200 px, 120 Hz Display with Punch Hole",50 MP Quad Rear & 32 MP Front Camera,Android v11,No FM Radio,Vivo
Huawei Nova 9,29990,83.0,"Dual Sim, 3G, 4G, Wi-Fi, NFC","Snapdragon  778G , Octa Core, 2.4 GHz Processor","8 GB RAM, 128 GB inbuilt",4300 mAh Battery with 66W Fast Charging,"6.57 inches, 1080 x 2340 px, 120 Hz Display with Punch Hole",50 MP Quad Rear & 32 MP Front Camera,HarmonyOS v2.0,No FM Radio,Huawei
Xiaomi Redmi K50 5G,27990,83.0,"Dual Sim, 3G, 4G, 5G, VoLTE, Wi-Fi, NFC, IR Blaster","Dimensity  8100, Octa Core, 2.85 GHz Processor","8 GB RAM, 128 GB inbuilt",5500 mAh Battery with 67W Fast Charging,"6.67 inches, 1440 x 3200 px, 120 Hz Display with Punch Hole",48 MP + 8 MP + 2 MP Triple Rear & 20 MP Front Camera,Android v12,No FM Radio,Xiaomi
OPPO Reno 6 Pro Plus 5G,44990,87.0,"Dual Sim, 3G, 4G, 5G, VoLTE, Wi-Fi, NFC","Snapdragon 870, Octa Core, 3.2 GHz Processor","8 GB RAM, 128 GB inbuilt",4500 mAh Battery with 65W Fast Charging,"6.55 inches, 1080 x 2400 px, 90 Hz Display with Punch Hole",50 MP Quad Rear & 32 MP Front Camera,Android v11,No FM Radio,OPPO
Oppo Find X3 Pro,50990,78.25,"Dual Sim, 3G, 4G, 5G, VoLTE, Wi-Fi, NFC","Snapdragon  888 , Octa Core, 2.84 GHz Processor","12 GB RAM, 256 GB inbuilt",4500 mAh Battery with 65W Fast Charging,"6.7 inches, 1440 x 3216 px, 120 Hz Display with Punch Hole",50 MP Quad Rear & 32 MP Front Camera,Android v11,No FM Radio,Oppo
Vivo V20 Pro,27000,84.0,"Dual Sim, 3G, 4G, 5G, VoLTE, Wi-Fi","Snapdragon 765G , Octa Core, 2.4 GHz Processor","8 GB RAM, 128 GB inbuilt",4000 mAh Battery with 33W Fast Charging,"6.44 inches, 1080 x 2400 px Display with Small Notch",64 MP + 8 MP + 2 MP Triple Rear & 44 MP + 8 MP Dual Front Camera,Android v10,No FM Radio,Vivo
Xiaomi Mi 10T Pro 5G,29999,86.0,"Dual Sim, 3G, 4G, 5G, VoLTE, Wi-Fi, NFC, IR Blaster","Snapdragon 865 , Octa Core, 2.84 GHz Processor","8 GB RAM, 128 GB inbuilt",5000 mAh Battery with 33W Fast Charging,"6.67 inches, 1080 x 2400 px, 144 Hz Display with Punch Hole",108 MP + 13 MP + 5 MP Triple Rear & 20 MP Front Camera,Android v10,No FM Radio,Xiaomi
Nokia 400 4G,3290,78.25,"Dual Sim, 4G, VoLTE, Wi-Fi",2000 mAh Battery,"2.4 inches, 240 x 320 px Display",0.3 MP Rear & 0.3 MP Front Camera,"Memory Card Supported, upto 64 GB",Bluetooth,Browser,Android v12,Nokia
Apple iPod Touch (7th Gen),18900,78.25,Wi-Fi,32 GB inbuilt,"4 inches, 640 x 1136 px Display",8 MP Rear & 1.2 MP Front Camera,iOS v12,No FM Radio,Bluetooth,Browser,Apple
Karbonn KU3i,995,78.25,Dual Sim,"52 MB RAM, 32 MB inbuilt",1000 mAh Battery,"1.8 inches, 128 x 160 px Display",No Rear Camera,"Memory Card Supported, upto 16 GB",Bluetooth,Android v12,Karbonn
Xiaomi Redmi K60 Gaming Edition,54990,86.0,"Dual Sim, 3G, 4G, 5G, VoLTE, Wi-Fi, NFC, IR Blaster","Snapdragon 8 Gen2, Octa Core, 3.2 GHz Processor","8 GB RAM, 128 GB inbuilt",5000 mAh Battery with 67W Fast Charging,"6.73 inches, 1440 x 3200 px, 120 Hz Display with Punch Hole",50 MP + 8 MP + 2 MP Triple Rear & 20 MP Front Camera,Android v13,No FM Radio,Xiaomi
Vivo S17 Pro,49990,77.0,"Dual Sim, 3G, 4G, 5G, VoLTE, Wi-Fi, NFC","Dimensity 9200, Octa Core Processor","12 GB RAM, 256 GB inbuilt",5000 mAh Battery with 120W Fast Charging,"6.67 inches, 1080 x 2400 px, 120 Hz Display with Punch Hole",50 MP + 13 MP + 2 MP Triple Rear & 32 MP Front Camera,Android v13,No FM Radio,Vivo
Honor 80 Pro Plus,54990,78.25,"Dual Sim, 3G, 4G, 5G, VoLTE, Wi-Fi, NFC","Snapdragon 8 Gen1 , Octa Core, 3 GHz Processor","12 GB RAM, 256 GB inbuilt",4500 mAh Battery with 100W Fast Charging,"6.78 inches, 1200 x 2652 px, 120 Hz Display with Punch Hole",200 MP + 50 MP + 8 MP Triple Rear & 50 MP Front Camera,Android v12,No FM Radio,Honor
Apple iPhone SE 4,49990,60.0,"Dual Sim, 3G, 4G, 5G, VoLTE, Wi-Fi, NFC","Bionic  A15, Hexa Core, 3.22 GHz Processor",64 GB inbuilt,"6.1 inches, 750 x 1580 px Display",12 MP Rear & 10.8 MP Front Camera,Memory Card Not Supported,iOS v16,No FM Radio,Apple
Google Pixel 8,53990,75.0,"Dual Sim, 3G, 4G, 5G, VoLTE, Wi-Fi, NFC","Google Tensor 3, Octa Core Processor","8 GB RAM, 128 GB inbuilt",4830 mAh Battery with 67W Fast Charging,"6.6 inches, 1080 x 2400 px, 120 Hz Display with Punch Hole",50 MP + 8 MP Dual Rear & 10.1 MP Front Camera,Android v13,No FM Radio,Google
Vivo T2x 5G,18990,80.0,"Dual Sim, 3G, 4G, 5G, VoLTE, Wi-Fi","Dimensity 1300, Octa Core, 3 GHz Processor","8 GB RAM, 128 GB inbuilt",6000 mAh Battery with 44W Fast Charging,"6.58 inches, 1080 x 2408 px, 120 Hz Display with Water Drop Notch",50 MP + 2 MP Dual Rear & 16 MP Front Camera,Android v12,No FM Radio,Vivo
Motorola Edge 40 5G,34999,86.0,"Dual Sim, 3G, 4G, 5G, VoLTE, Wi-Fi, NFC","Snapdragon 7 Gen1, Octa Core, 2.36 GHz Processor","8 GB RAM, 128 GB inbuilt",4200 mAh Battery with 67W Fast Charging,"6.5 inches, 1080 x 2412 px, 144 Hz Display",50 MP + 50 MP + 2 MP Triple Rear & 32 MP Front Camera,Android v12,No FM Radio,Motorola
Vivo X Note 5G (12GB RAM + 512GB),82990,78.25,"Dual Sim, 3G, 4G, 5G, VoLTE, Wi-Fi, NFC, IR Blaster","Snapdragon 8 Gen1, Octa Core, 3 GHz Processor","12 GB RAM, 512 GB inbuilt",5000 mAh Battery with 80W Fast Charging,"7 inches, 1440 x 3080 px, 120 Hz Display with Punch Hole",50 MP Quad Rear & 16 MP Front Camera,Android v12,No FM Radio,Vivo
Realme GT 2 Pro 5G (12GB RAM + 256GB),46999,89.0,"Dual Sim, 3G, 4G, 5G, VoLTE, Wi-Fi, NFC","Snapdragon 8 Gen1, Octa Core, 3 GHz Processor","12 GB RAM, 256 GB inbuilt",5000 mAh Battery with 65W Fast Charging,"6.7 inches, 1440 x 3216 px, 120 Hz Display with Punch Hole",50 MP + 50 MP + 2 MP Triple Rear & 32 MP Front Camera,Android v12,Bluetooth,Realme
Honor X8,16999,76.0,"Dual Sim, 3G, 4G, VoLTE, Wi-Fi","Snapdragon  680, Octa Core, 2.4 GHz Processor","6 GB RAM, 128 GB inbuilt",4000 mAh Battery with 22.5W Fast Charging,"6.7 inches, 1080 x 2388 px, 90 Hz Display with Punch Hole",64 MP Quad Rear & 16 MP Front Camera,Android v11,No FM Radio,Honor
Samsung Galaxy S22 Plus 5G (8GB RAM + 256GB),88999,88.0,"Dual Sim, 3G, 4G, 5G, VoLTE, Wi-Fi, NFC","Snapdragon  8 Gen1, Octa Core, 3 GHz Processor","8 GB RAM, 256 GB inbuilt",4500 mAh Battery with 45W Fast Charging,"6.6 inches, 1080 x 2340 px, 120 Hz Display with Punch Hole",50 MP + 12 MP + 10 MP Triple Rear & 10 MP Front Camera,Android v12,Bluetooth,Samsung
Oppo Find X5 Pro 5G,79990,78.25,"Dual Sim, 3G, 4G, 5G, VoLTE, Wi-Fi, NFC","Snapdragon 8 Gen1, Octa Core, 3 GHz Processor","8 GB RAM, 256 GB inbuilt",5000 mAh Battery with 80W Fast Charging,"6.7 inches, 1440 x 3216 px, 120 Hz Display with Punch Hole",50 MP + 50 MP + 13 MP Triple Rear & 32 MP Front Camera,Android v12,No FM Radio,Oppo
Xiaomi 12 Ultra 5G,75999,78.25,"Dual Sim, 3G, 4G, 5G, VoLTE, Wi-Fi, NFC, IR Blaster","Snapdragon 8+ Gen1, Octa Core, 3.2 GHz Processor","12 GB RAM, 256 GB inbuilt",4800 mAh Battery with 67W Fast Charging,"6.73 inches, 1440 x 3200 px, 120 Hz Display with Punch Hole",50 MP + 50 MP + 50 MP Triple Rear & 20 MP Front Camera,Android v12,No FM Radio,Xiaomi
Xiaomi Mi Mix Fold,109990,78.25,"Dual Sim, 3G, 4G, 5G, VoLTE, Wi-Fi, NFC, IR Blaster","Snapdragon  888 , Octa Core, 2.84 GHz Processor","12 GB RAM, 256 GB inbuilt",5020 mAh Battery with 67W Fast Charging,"8.01 inches, 1860 x 2480 px, 90 Hz Display","Foldable Display, Dual Display",108 MP + 13 MP + 8 MP Triple Rear & 20 MP Front Camera,Android v10,Xiaomi
Samsung Galaxy S21 Plus,59450,88.0,"Dual Sim, 3G, 4G, 5G, VoLTE, Wi-Fi, NFC","Exynos 2100, Octa Core, 2.9 GHz Processor","8 GB RAM, 128 GB inbuilt",4800 mAh Battery with 25W Fast Charging,"6.7 inches, 1080 x 2400 px, 120 Hz Display with Punch Hole",64 MP + 12 MP + 12 MP Triple Rear & 10 MP Front Camera,Android v10,No FM Radio,Samsung
Realme GT Neo 4T,29999,80.0,"Dual Sim, 3G, 4G, 5G, VoLTE, Vo5G, Wi-Fi","Snapdragon 8 Gen1, Octa Core, 3 GHz Processor","8 GB RAM, 128 GB inbuilt",5000 mAh Battery with 120W Fast Charging,"6.73 inches, 1080 x 2400 px, 144 Hz Display with Punch Hole",50 MP + 8 MP + 2 MP Triple Rear & 16 MP Front Camera,Android v13,No FM Radio,Realme
Xiaomi Redmi K60i,28999,85.0,"Dual Sim, 3G, 4G, 5G, VoLTE, Vo5G, Wi-Fi, IR Blaster","Dimensity  8200, Octa Core, 3.1 GHz Processor","8 GB RAM, 128 GB inbuilt",5080 mAh Battery with 120W Fast Charging,"6.67 inches, 1080 x 2460 px, 120 Hz Display with Punch Hole",50 MP + 13 MP + 2 MP Triple Rear & 32 MP Front Camera,Android v13,Bluetooth,Xiaomi
Realme GT Neo 3T (8GB RAM + 256GB),28499,82.0,"Dual Sim, 3G, 4G, 5G, VoLTE, Wi-Fi","Snapdragon 870, Octa Core, 3.2 GHz Processor","8 GB RAM, 256 GB inbuilt",5000 mAh Battery with 80W Fast Charging,"6.62 inches, 1080 x 2400 px, 120 Hz Display with Punch Hole",64 MP + 8 MP + 2 MP Triple Rear & 16 MP Front Camera,Android v12,No FM Radio,Realme
itel Magic X,2239,78.25,"Dual Sim, 3G, 4G, VoLTE, Wi-Fi",No 3G,T117,"48 MB RAM, 128 MB inbuilt",1200 mAh Battery,"2.4 inches, 240 x 320 px Display",1.3 MP Rear Camera,"Memory Card Supported, upto 64 GB",itel
Tecno Camon 19 Neo,14999,77.0,"Dual Sim, 3G, 4G, VoLTE, Wi-Fi, NFC","Helio  G85, Octa Core, 2 GHz Processor","6 GB RAM, 128 GB inbuilt",5000 mAh Battery with 18W Fast Charging,"6.8 inches, 1080 x 2400 px, 90 Hz Display with Punch Hole",48 MP + 2 MP Triple Rear & 32 MP Front Camera,Android v12,Bluetooth,Tecno
Xiaomi Redmi K50 Ultra 5G,39999,85.0,"Dual Sim, 3G, 4G, 5G, VoLTE, Wi-Fi, NFC, IR Blaster","Snapdragon 8+ Gen1, Octa Core, 3.2 GHz Processor","8 GB RAM, 128 GB inbuilt",5000 mAh Battery with 120W Fast Charging,"6.67 inches, 1220 x 2712 px, 144 Hz Display with Punch Hole",108 MP + 8 MP + 2 MP Triple Rear & 20 MP Front Camera,Android v12,No FM Radio,Xiaomi
Vivo Y55s 5G,19990,79.0,"Dual Sim, 3G, 4G, 5G, VoLTE, Wi-Fi","Dimensity 700 5G, Octa Core, 2.2 GHz Processor","8 GB RAM, 128 GB inbuilt",6000 mAh Battery with 18W Fast Charging,"6.58 inches, 1080 x 2408 px Display with Water Drop Notch",50 MP + 2 MP Dual Rear & 8 MP Front Camera,Android v11,Bluetooth,Vivo
Realme GT Explorer Master Edition,32990,85.0,"Dual Sim, 3G, 4G, 5G, VoLTE, Wi-Fi, NFC","Snapdragon  870, Octa Core, 3.2 GHz Processor","8 GB RAM, 128 GB inbuilt",4500 mAh Battery with 65W Fast Charging,"6.55 inches, 1080 x 2400 px, 120 Hz Display with Punch Hole",50 MP + 13 MP + 2 MP Triple Rear & 32 MP Front Camera,Android v11,No FM Radio,Realme
Xiaomi Mi 12 5G,42990,87.0,"Dual Sim, 3G, 4G, 5G, VoLTE, Wi-Fi, NFC, IR Blaster","Snapdragon 8 Gen1, Octa Core, 3 GHz Processor","8 GB RAM, 128 GB inbuilt",4500 mAh Battery with 67W Fast Charging,"6.28 inches, 1080 x 2400 px, 120 Hz Display with Punch Hole",50 MP + 13 MP + 5 MP Triple Rear & 32 MP Front Camera,Android v12,No FM Radio,Xiaomi
CAT S22 Flip,14999,78.25,"Single Sim, 3G, 4G, VoLTE, Wi-Fi","Qualcomm 215, Quad Core, 1.3 GHz Processor","2 GB RAM, 16 GB inbuilt",2000 mAh Battery,"4 inches, 480 x 640 px Display",Dual Display,5 MP Rear & 2 MP Front Camera,"Memory Card Supported, upto 128 GB",CAT
DIZO Star 500,1749,78.25,Dual Sim,"SC6531E, 26 MHz Processor","32 MB RAM, 32 MB inbuilt",1900 mAh Battery,"2.8 inches, 240 x 320 px Display",0.3 MP Rear Camera,"Memory Card Supported, upto 64 GB",Bluetooth,DIZO
Xiaomi Mi 11X Pro,30990,85.0,"Dual Sim, 3G, 4G, 5G, VoLTE, Wi-Fi, IR Blaster","Snapdragon 888, Octa Core, 2.84 GHz Processor","8 GB RAM, 128 GB inbuilt",4520 mAh Battery with 33W Fast Charging,"6.67 inches, 1080 x 2400 px, 120 Hz Display with Punch Hole",108 MP + 8 MP + 5 MP Triple Rear & 20 MP Front Camera,Android v11,No FM Radio,Xiaomi
Lenovo Legion Pro 2,59999,89.0,"Dual Sim, 3G, 4G, 5G, VoLTE, Wi-Fi, NFC","Snapdragon  888, Octa Core, 2.84 GHz Processor","16 GB RAM, 512 GB inbuilt",5000 mAh Battery with 120W Fast Charging,"6.5 inches, 1080 x 2400 px, 144 Hz Display",64 MP + 16 MP Dual Rear & 20 MP Front Camera,Android v10,No FM Radio,Lenovo
Realme Q2i,9999,69.0,"Dual Sim, 3G, 4G, 5G, VoLTE, Wi-Fi","Dimensity 720, Octa Core, 2 GHz Processor","4 GB RAM, 128 GB inbuilt",5000 mAh Battery with 18W Fast Charging,"6.5 inches, 720 x 1600 px Display with Water Drop Notch",13 MP + 2 MP + 2 MP Triple Rear & 8 MP Front Camera,Android v10,No FM Radio,Realme
Nokia 215 4G,3099,78.25,"Dual Sim, 3G, 4G, VoLTE",Unisoc T117,"64 MB RAM, 128 MB inbuilt",1150 mAh Battery,"2.4 inches, 240 x 320 px Display",No Rear Camera,"Memory Card Supported, upto 32 GB",RTOS (Series 30+),Nokia
Apple iPhone 12 Pro (256GB),119900,80.0,"Dual Sim, 3G, 4G, 5G, VoLTE, Wi-Fi, NFC","Bionic A14, Hexa Core, 3.1 GHz Processor","6 GB RAM, 256 GB inbuilt","6.1 inches, 1170 x 2532 px Display with Large Notch",12 MP + 12 MP + 12 MP Triple Rear & 12 MP Front Camera,Memory Card Not Supported,iOS v14.0,No FM Radio,Apple
LG Folder 2,11999,78.25,"Single Sim, 3G, 4G, Wi-Fi","1 GB RAM, 8 GB inbuilt",1470 mAh Battery,"2.8 inches, 240 x 320 px Display",2 MP Rear Camera,Memory Card Supported,Bluetooth,Android v12,LG
Oppo Reno 5,29990,83.0,"Dual Sim, 3G, 4G, 5G, VoLTE, Wi-Fi","Snapdragon  765G , Octa Core, 2.4 GHz Processor","8 GB RAM, 128 GB inbuilt",4300 mAh Battery with 65W Fast Charging,"6.43 inches, 1080 x 2400 px Display with Punch Hole",64 MP Quad Rear & 32 MP Front Camera,Android v11,Bluetooth,Oppo
Google Pixel 3a XL,15999,67.0,"Single Sim, 3G, 4G, VoLTE, Wi-Fi, NFC","Qualcomm Snapdragon 670, Octa Core, 2 GHz Processor","4 GB RAM, 64 GB inbuilt",3700 mAh Battery with 18W Fast Charging,"6 inches, 1080 x 2160 px Display",12.2 MP Rear & 8 MP Front Camera,Android v9.0 (Pie),No FM Radio,Google
BlackZone Ultra 4G,1899,78.25,"Dual Sim, 3G, 4G, VoLTE","Single Core, 1 GHz Processor","48 MB RAM, 48 MB inbuilt",2500 mAh Battery,"1.8 inches, 480 x 640 px Display",2 MP Rear Camera,"Memory Card Supported, upto 48 GB",Bluetooth,BlackZone
Nokia 110 (2022),1599,78.25,Dual Sim,No Wifi,"4 MB RAM, 4 MB inbuilt",1000 mAh Battery,"1.77 inches, 120 x 160 px Display","Memory Card Supported, upto 32 GB","Memory Card Supported, upto 32 GB",Android v12,Nokia
Nokia 5710 XpressAudio,4799,78.25,"Dual Sim, 3G, 4G",No Wifi,Unisoc T107,"48 MB RAM, 128 MB inbuilt",1450 mAh Battery,"2.4 inches, 240 x 320 px Display",0.3 MP Rear Camera,"Memory Card Supported, upto 32 GB",Nokia
Huawei Nova 10,29990,82.0,"Dual Sim, 3G, 4G, Wi-Fi","Snapdragon 778G, Octa Core, 2.4 GHz Processor","8 GB RAM, 128 GB inbuilt",4000 mAh Battery with 66W Fast Charging,"6.67 inches, 1080 x 2400 px, 120 Hz Display with Punch Hole",50 MP + 8 MP + 2 MP Triple Rear & 60 MP Front Camera,HarmonyOS,No FM Radio,Huawei
OnePlus Nord 4 5G,29999,83.0,"Dual Sim, 3G, 4G, 5G, VoLTE, Wi-Fi, NFC","Snapdragon  7 Gen1, Octa Core, 2.36 GHz Processor","8 GB RAM, 128 GB inbuilt",4500 mAh Battery with 80W Fast Charging,"6.43 inches, 1080 x 2412 px, 120 Hz Display with Punch Hole",50 MP + 12 MP + 5 MP Triple Rear & 32 MP Front Camera,Android v12,No FM Radio,OnePlus
OnePlus Ace 5G,28990,84.0,"Dual Sim, 3G, 4G, 5G, VoLTE, Wi-Fi, NFC","Dimensity 8100 Max, Octa Core, 2.85 GHz Processor","8 GB RAM, 128 GB inbuilt",4500 mAh Battery with 150W Fast Charging,"6.7 inches, 1080 x 2412 px, 120 Hz Display with Punch Hole",50 MP + 8 MP + 2 MP Triple Rear & 16 MP Front Camera,Android v12,No FM Radio,OnePlus
iQOO 9 5G (12GB RAM + 256GB),39990,85.0,"Dual Sim, 3G, 4G, 5G, VoLTE, Wi-Fi","Snapdragon  888+, Octa Core, 2.9 GHz Processor","12 GB RAM, 256 GB inbuilt",4350 mAh Battery with 120W Fast Charging,"6.56 inches, 1080 x 2376 px, 120 Hz Display with Punch Hole",48 MP + 13 MP + 13 MP Triple Rear & 16 MP Front Camera,Android v12,No FM Radio,iQOO
Royole FlexPai 3 5G,149999,87.0,"Dual Sim, 3G, 4G, 5G, VoLTE, Wi-Fi","Snapdragon 888, Octa Core, 2.84 GHz Processor","8 GB RAM, 128 GB inbuilt",3360 mAh Battery,"7.2 inches, 1440 x 1920 px Display","Foldable Display, Dual Display",64 MP + 16 MP + 8 MP Triple Rear & 32 MP Front Camera,"Memory Card Supported, upto 256 GB",Royole
Tecno Camon 18,11499,75.0,"Dual Sim, 3G, 4G, VoLTE, Wi-Fi, NFC","Helio  G88, Octa Core, 2 GHz Processor","4 GB RAM, 128 GB inbuilt",5000 mAh Battery with 18W Fast Charging,"6.8 inches, 1080 x 2460 px, 90 Hz Display with Punch Hole",48 MP + 2 MP + 2 MP Triple Rear & 16 MP Front Camera,Android v11,Bluetooth,Tecno
Tecno Phantom X Pro,22999,84.0,"Dual Sim, 3G, 4G, VoLTE, Wi-Fi","Helio G95, Octa Core, 2.05 GHz Processor","8 GB RAM, 256 GB inbuilt",5000 mAh Battery with 44W Fast Charging,"6.7 inches, 1080 x 2400 px, 120 Hz Display with Punch Hole",50 MP Quad Rear & 48 MP + 8 MP Dual Front Camera,Android v11,Bluetooth,Tecno
Realme GT Neo2 5G,31999,82.0,"Dual Sim, 3G, 4G, 5G, VoLTE, Wi-Fi, NFC","Snapdragon 870, Octa Core, 3.2 GHz Processor","8 GB RAM, 128 GB inbuilt",5000 mAh Battery with 65W Fast Charging,"6.62 inches, 2400 x 1080 px, 120 Hz Display with Punch Hole",64 MP + 8 MP + 2 MP Triple Rear & 16 MP Front Camera,Android v11,No FM Radio,Realme
Itel A23 Pro,3999,78.25,"Dual Sim, 3G, 4G, Wi-Fi","Spreadtrum  SC9832E , Quad Core, 1.4 GHz Processor","1 GB RAM, 8 GB inbuilt",2400 mAh Battery,"5 inches, 854 x 480 px Display",5 MP Rear & 2 MP Front Camera,Android v10,No FM Radio,Itel
Samsung Galaxy S21 Ultra 5G (12GB RAM + 128GB),101999,78.25,"Dual Sim, 3G, 4G, 5G, VoLTE, Wi-Fi, NFC","Exynos  2100, Octa Core, 2.9 GHz Processor","12 GB RAM, 128 GB inbuilt",5000 mAh Battery with 25W Fast Charging,"6.8 inches, 1440 x 3200 px, 120 Hz Display with Punch Hole",108 MP Quad Rear & 40 MP Front Camera,Android v10,No FM Radio,Samsung
Oppo Reno 5 Pro 5G,38700,84.0,"Dual Sim, 3G, 4G, 5G, VoLTE, Wi-Fi","Dimensity 1000+, Octa Core, 2.6 GHz Processor","8 GB RAM, 128 GB inbuilt",4350 mAh Battery with 65W Fast Charging,"6.53 inches, 1080 x 2400 px, 90 Hz Display with Punch Hole",64 MP Quad Rear & 32 MP Front Camera,Android v11,Bluetooth,Oppo
Apple iPhone 12 Mini (256GB),55999,75.0,"Dual Sim, 3G, 4G, 5G, VoLTE, Wi-Fi, NFC","Bionic A14, Hexa Core, 3.1 GHz Processor","4 GB RAM, 256 GB inbuilt","5.4 inches, 1080 x 2340 px Display",12 MP + 12 MP Dual Rear & 12 MP Front Camera,Memory Card Not Supported,iOS v14,No FM Radio,Apple
Apple iPhone 12 (256GB),67999,76.0,"Dual Sim, 3G, 4G, 5G, VoLTE, Wi-Fi, NFC","Bionic A14, Hexa Core, 3.1 GHz Processor","4 GB RAM, 256 GB inbuilt","6.1 inches, 1170 x 2532 px Display with Large Notch",12 MP + 12 MP Dual Rear & 12 MP Front Camera,Memory Card Not Supported,iOS v14,No FM Radio,Apple
Nokia 150 (2020),2499,78.25,Dual Sim,No Wifi,4 MB inbuilt,1020 mAh Battery,"2.4 inches, 240 x 320 px Display",0.3 MP Rear Camera,"Memory Card Supported, upto 32 GB",Bluetooth,Nokia
Nokia 3310 4G,3999,78.25,"Dual Sim, 3G, 4G, VoLTE, Wi-Fi","256 MB RAM, 512 MB inbuilt",1200 mAh Battery,"2.4 inches, 240 x 320 px Display",2 MP Rear Camera,"Memory Card Supported, upto 32 GB",Bluetooth,Browser,Nokia
Samsung Guru E1200,1685,78.25,Single Sim,No Wifi,800 mAh Battery,"1.5 inches, 128 x 128 px Display",No Rear Camera,No FM Radio,"Memory Card Supported, upto 16 GB",Android v12,Samsung
iKall K88 Pro 4G,2099,78.25,"Dual Sim, 3G, 4G, VoLTE","48 MB RAM, 128 MB inbuilt",1800 mAh Battery,"2.4 inches, 240 x 360 px Display",0.3 MP Rear Camera,"Memory Card Supported, upto 128 GB",Bluetooth,Browser,iKall
Tecno Camon 20 Premier,20999,79.0,"Dual Sim, 3G, 4G, 5G, VoLTE, Wi-Fi, NFC","Dimensity  700 5G, Octa Core, 2.2 GHz Processor","6 GB RAM, 128 GB inbuilt",5000 mAh Battery with 33W Fast Charging,"6.83 inches, 1080 x 2460 px, 120 Hz Display with Punch Hole",50 MP + 2 MP + 2 MP Triple Rear & 16 MP Front Camera,Android v13,Bluetooth,Tecno
OPPO Reno 8 House of Dragon Edition,32990,84.0,"Dual Sim, 3G, 4G, 5G, VoLTE, Wi-Fi, NFC","Dimensity 1300, Octa Core, 3 GHz Processor","8 GB RAM, 128 GB inbuilt",4500 mAh Battery with 80W Fast Charging,"6.43 inches, 1080 x 2400 px, 90 Hz Display with Punch Hole",50 MP + 8 MP + 2 MP Triple Rear & 32 MP Front Camera,Android v12,No FM Radio,OPPO
Xiaomi Civi 2,29999,85.0,"Dual Sim, 3G, 4G, 5G, VoLTE, Wi-Fi, NFC, IR Blaster","Snapdragon 7 Gen1, Octa Core, 2.4 GHz Processor","8 GB RAM, 128 GB inbuilt",4500 mAh Battery with 67W Fast Charging,"6.55 inches, 1080 x 2400 px, 120 Hz Display with Punch Hole",50 MP + 20 MP + 2 MP Triple Rear & 32 MP + 32 MP Dual Front Camera,Android v12,No FM Radio,Xiaomi
Samsung Galaxy Z Fold 4 (12GB RAM + 1TB),163980,78.25,"Dual Sim, 3G, 4G, 5G, VoLTE, Wi-Fi, NFC","Snapdragon  8+ Gen1, Octa Core, 3.2 GHz Processor","12 GB RAM, 1 TB inbuilt",4400 mAh Battery with 25W Fast Charging,"7.6 inches, 1812 x 2176 px, 120 Hz Display with Punch Hole","Foldable Display, Dual Display",50 MP + 12 MP + 10 MP Triple Rear & 10 MP + 4 MP Dual Front Camera,Android v12,Samsung
Nothing Phone 1 Lite,24990,80.0,"Dual Sim, 3G, 4G, 5G, VoLTE, Wi-Fi, NFC","Snapdragon 778G Plus, Octa Core, 2.5 GHz Processor","6 GB RAM, 128 GB inbuilt",5000 mAh Battery with 33W Fast Charging,"6.55 inches, 1080 x 2400 px, 120 Hz Display with Punch Hole",50 MP + 12 MP Dual Rear & 16 MP Front Camera,Android v12,No FM Radio,Nothing
Motorola Moto Edge X30 Pro,59990,78.25,"Dual Sim, 3G, 4G, 5G, VoLTE, Wi-Fi, NFC","Snapdragon 8+ Gen1, Octa Core, 3.2 GHz Processor","8 GB RAM, 128 GB inbuilt",4450 mAh Battery with 125W Fast Charging,"6.67 inches, 1080 x 2340 px, 144 Hz Display with Punch Hole",200 MP + 50 MP + 12 MP Triple Rear & 60 MP Front Camera,Android v12,No FM Radio,Motorola
OnePlus Ace Pro,47990,86.0,"Dual Sim, 3G, 4G, 5G, VoLTE, Wi-Fi, NFC","Snapdragon 8+ Gen1, Octa Core, 3.2 GHz Processor","12 GB RAM, 256 GB inbuilt",4800 mAh Battery with 150W Fast Charging,"6.7 inches, 1080 x 2412 px, 120 Hz Display with Punch Hole",50 MP + 8 MP + 2 MP Triple Rear & 16 MP Front Camera,Android v12,No FM Radio,OnePlus
Realme GT 2 Explorer Master Edition,40990,86.0,"Dual Sim, 3G, 4G, 5G, VoLTE, Wi-Fi, NFC","Snapdragon 8+ Gen1, Octa Core, 3.2 GHz Processor","8 GB RAM, 128 GB inbuilt",5000 mAh Battery with 100W Fast Charging,"6.7 inches, 1080 x 2412 px, 120 Hz Display with Punch Hole",50 MP + 50 MP Triple Rear & 16 MP Front Camera,Android v12,Bluetooth,Realme
Vivo X Fold 5G (12GB RAM + 512GB),118990,78.25,"Dual Sim, 3G, 4G, 5G, VoLTE, Wi-Fi, NFC","Snapdragon 8 Gen1, Octa Core, 3 GHz Processor","12 GB RAM, 512 GB inbuilt",4600 mAh Battery with 66W Fast Charging,"8.03 inches, 1916 x 2160 px, 120 Hz Display",Foldable Display,50 MP Quad Rear & 16 MP Front Camera,Android v12,Vivo
Nubia Red Magic 6S 5G,44999,84.0,"Dual Sim, 3G, 4G, 5G, VoLTE, Wi-Fi, NFC","Snapdragon 888+, Octa Core, 2.9 GHz Processor","8 GB RAM, 128 GB inbuilt",5050 mAh Battery with 30W Fast Charging,"6.8 inches, 1080 x 2400 px, 165 Hz Display",64 MP + 8 MP + 2 MP Triple Rear & 8 MP Front Camera,Android v11,No FM Radio,Nubia
Poco F3 GT,32999,79.0,"Dual Sim, 3G, 4G, 5G, VoLTE, Wi-Fi, IR Blaster","Dimensity 1200, Octa Core, 3 GHz Processor","6 GB RAM, 128 GB inbuilt",5065 mAh Battery with 67W Fast Charging,"6.67 inches, 1080 x 2400 px, 120 Hz Display with Punch Hole",64 MP + 8 MP + 2 MP Triple Rear & 16 MP Front Camera,Android v11,No FM Radio,Poco
iQOO 7 Legend,39990,84.0,"Dual Sim, 3G, 4G, 5G, VoLTE, Wi-Fi, NFC","Snapdragon  888 , Octa Core, 2.84 GHz Processor","8 GB RAM, 128 GB inbuilt",4000 mAh Battery with 66W Fast Charging,"6.62 inches, 1080 x 2400 px, 120 Hz Display with Punch Hole",48 MP + 13 MP + 13 MP Triple Rear & 16 MP Front Camera,Android v11,No FM Radio,iQOO
Realme GT 5G,30994,85.0,"Dual Sim, 3G, 4G, 5G, VoLTE, Wi-Fi, NFC","Snapdragon  888 , Octa Core, 2.84 GHz Processor","8 GB RAM, 128 GB inbuilt",4500 mAh Battery with 65W Fast Charging,"6.43 inches, 1080 x 2400 px, 120 Hz Display with Punch Hole",64 MP + 8 MP + 2 MP Triple Rear & 16 MP Front Camera,Android v11,No FM Radio,Realme
Google Pixel 5A,32999,78.0,"Single Sim, 3G, 4G, 5G, VoLTE, Wi-Fi, NFC","Snapdragon 765G, Octa Core, 2.4 GHz Processor","6 GB RAM, 128 GB inbuilt",4620 mAh Battery with 18W Fast Charging,"6.34 inches, 1080 x 2400 px Display with Punch Hole",16 MP + 12.2 MP Dual Rear & 8 MP Front Camera,Android v11,No FM Radio,Google
Nokia 5310 Dual Sim,3399,78.25,Dual Sim,"8 MB RAM, 16 MB inbuilt",1200 mAh Battery,"2.4 inches, 240 x 320 px Display",0.3 MP Rear Camera,"Memory Card Supported, upto 32 GB",Bluetooth,Browser,Nokia
Huawei Mate X,169000,78.25,"Dual Sim, 3G, 4G, 5G, VoLTE, Wi-Fi, NFC, IR Blaster","Kirin  990, Octa Core, 2.86 GHz Processor","8 GB RAM, 512 GB inbuilt",4500 mAh Battery with 55W Fast Charging,"8 inches, 2200 x 2480 px Display",Foldable Display,48 MP Quad Rear Camera,"Memory Card (Hybrid), upto 256 GB",Huawei
XTouch F40 Flip,1999,78.25,Dual Sim,No 3G,No Wifi,"32 MB RAM, 32 MB inbuilt",800 mAh Battery,"1.77 inches, 240 x 320 px Display",Dual Display,1.3 MP Rear Camera,XTouch
Xiaomi 14,54999,89.0,"Dual Sim, 3G, 4G, 5G, VoLTE, Vo5G, Wi-Fi, NFC, IR Blaster","Snapdragon 8 Gen2, Octa Core, 3.2 GHz Processor","12 GB RAM, 256 GB inbuilt",5000 mAh Battery with 67W Fast Charging,"6.43 inches, 1440 x 3200 px, 120 Hz Display with Punch Hole",50 MP + 50 MP + 50 MP Triple Rear & 32 MP Front Camera,Android v13,No FM Radio,Xiaomi
Motorola ThinkPhone,49990,89.0,"Dual Sim, 3G, 4G, 5G, VoLTE, Vo5G, Wi-Fi, NFC","Snapdragon 8+ Gen1, Octa Core, 3.2 GHz Processor","8 GB RAM, 128 GB inbuilt",5000 mAh Battery with 68W Fast Charging,"6.6 inches, 1080 x 2400 px, 144 Hz Display",50 MP + 13 MP + 2 MP Triple Rear & 32 MP + 16 MP Dual Front Camera,Android v13,No FM Radio,Motorola
Xiaomi Civi 3,32990,86.0,"Dual Sim, 3G, 4G, 5G, VoLTE, Wi-Fi, NFC, IR Blaster","Dimensity 8200, Octa Core, 3.1 GHz Processor","8 GB RAM, 256 GB inbuilt",5000 mAh Battery with 80W Fast Charging,"6.7 inches, 1080 x 2400 px, 120 Hz Display with Punch Hole",64 MP + 20 MP + 2 MP Triple Rear & 32 MP + 32 MP Dual Front Camera,Android v13,No FM Radio,Xiaomi
Oppo Find X6,69990,89.0,"Dual Sim, 3G, 4G, 5G, VoLTE, Wi-Fi, NFC","Snapdragon 8 Gen2, Octa Core, 3.2 GHz Processor","8 GB RAM, 256 GB inbuilt",4700 mAh Battery with 120W Fast Charging,"6.73 inches, 1080 x 2400 px, 120 Hz Display with Punch Hole",50 MP + 48 MP + 32 MP Triple Rear & 32 MP Front Camera,Android v12,No FM Radio,Oppo
itel A23s,4787,78.25,"Dual Sim, 3G, 4G, Wi-Fi","Spreadtrum  SC9832E, Quad Core, 1.4 GHz Processor","2 GB RAM, 32 GB inbuilt",3020 mAh Battery,"5 inches, 854 x 480 px Display",2 MP Rear Camera,Android v11,No FM Radio,itel
Google Pixel 8 Pro,70990,80.0,"Dual Sim, 3G, 4G, 5G, VoLTE, Wi-Fi, NFC","Google  Tensor 3, Octa Core Processor","12 GB RAM, 256 GB inbuilt",5000 mAh Battery with 67W Fast Charging,"6.73 inches, 1440 x 3120 px, 120 Hz Display with Punch Hole",50 MP + 50 MP + 50 MP Triple Rear & 12 MP Front Camera,Android v13,No FM Radio,Google
Vivo X Fold 2,119990,78.25,"Dual Sim, 3G, 4G, 5G, VoLTE, Wi-Fi, NFC","Snapdragon 8 Gen2, Octa Core, 3.2 GHz Processor","12 GB RAM, 256 GB inbuilt",4800 mAh Battery with 66W Fast Charging,"8.03 inches, 1916 x 2160 px, 120 Hz Display",Foldable Display,50 MP + 50 MP + 10 MP Triple Rear & 32 MP Front Camera,Android v12,Vivo
Motorola Moto Edge S30 Pro,34990,83.0,"Dual Sim, 3G, 4G, 5G, VoLTE, Wi-Fi","Snapdragon 8 Gen1, Octa Core, 3 GHz Processor","8 GB RAM, 128 GB inbuilt",5000 mAh Battery with 68.2W Fast Charging,"6.67 inches, 1080 x 2460 px, 120 Hz Display with Punch Hole",64 MP + 8 MP + 2 MP Triple Rear & 16 MP Front Camera,Android v12,No FM Radio,Motorola
